annual_income_decile,rank_concept,objective_rank_concept,rank_bridge_status,approx_sample_households,population_households,household_members,members_age65_plus,employed_members,household_head_age,annual_income_decile_upper_10k_yen,annual_income_upper_status,monthly_consumption_expenditure_yen,annualized_consumption_expenditure_yen,consumption_relative_to_all_household_average,food_yen,housing_yen,fuel_light_water_yen,furniture_household_utensils_yen,clothing_footwear_yen,medical_care_yen,transport_communication_yen,education_yen,culture_recreation_yen,other_consumption_yen,major_category_sum_yen,major_category_rounding_gap_yen,food_share_of_consumption,vat_base_status,gini_fgt2_use,source_id,source_locator,scientific_status
1,HOUSEHOLD_ANNUAL_INCOME_DECILE,OECD_NEW_EQUIVALIZED_DISPOSABLE_INCOME_DECILE,NOT_LINKED_DO_NOT_TREAT_AS_OBJECTIVE_DECILE,2920,5355441,1.18,0.69,0.31,66.7,186,PUBLISHED_UPPER_BOUND,129460,1553520,0.51528008852,39658,16333,13709,5013,3429,7050,15592,652,11674,16350,129460,0,0.306334002781,NOT_IDENTIFIED_BROAD_FOOD_INCLUDES_ALCOHOL_AND_EATING_OUT_OTHER_EXEMPTIONS_UNMAPPED,PROHIBITED_DIRECT_MAPPING_WITHOUT_RANK_BRIDGE_AND_VAT_INCIDENCE_MODEL,ESTAT-NSFCW-2024-T1-21-ANNUAL-INCOME-DECILE-EXPENDITURE,a01021 nationwide total-households/all-households/head-sex-average block; annual-income deciles BF:BO,OBSERVED_ANNUAL_INCOME_DECILE_EXPENDITURE_DIAGNOSTIC
2,HOUSEHOLD_ANNUAL_INCOME_DECILE,OECD_NEW_EQUIVALIZED_DISPOSABLE_INCOME_DECILE,NOT_LINKED_DO_NOT_TREAT_AS_OBJECTIVE_DECILE,3100,5355441,1.34,0.75,0.54,64.6,259,PUBLISHED_UPPER_BOUND,165620,1987440,0.659205069216,47640,23113,15000,6168,4115,9563,21441,913,15655,22013,165621,1,0.287646419515,NOT_IDENTIFIED_BROAD_FOOD_INCLUDES_ALCOHOL_AND_EATING_OUT_OTHER_EXEMPTIONS_UNMAPPED,PROHIBITED_DIRECT_MAPPING_WITHOUT_RANK_BRIDGE_AND_VAT_INCIDENCE_MODEL,ESTAT-NSFCW-2024-T1-21-ANNUAL-INCOME-DECILE-EXPENDITURE,a01021 nationwide total-households/all-households/head-sex-average block; annual-income deciles BF:BO,OBSERVED_ANNUAL_INCOME_DECILE_EXPENDITURE_DIAGNOSTIC
3,HOUSEHOLD_ANNUAL_INCOME_DECILE,OECD_NEW_EQUIVALIZED_DISPOSABLE_INCOME_DECILE,NOT_LINKED_DO_NOT_TREAT_AS_OBJECTIVE_DECILE,3820,5355441,1.6,0.89,0.62,62.5,328,PUBLISHED_UPPER_BOUND,190968,2291616,0.760095843848,56053,22883,16645,7321,5165,10710,25650,885,19776,25880,190968,0,0.293520380378,NOT_IDENTIFIED_BROAD_FOOD_INCLUDES_ALCOHOL_AND_EATING_OUT_OTHER_EXEMPTIONS_UNMAPPED,PROHIBITED_DIRECT_MAPPING_WITHOUT_RANK_BRIDGE_AND_VAT_INCIDENCE_MODEL,ESTAT-NSFCW-2024-T1-21-ANNUAL-INCOME-DECILE-EXPENDITURE,a01021 nationwide total-households/all-households/head-sex-average block; annual-income deciles BF:BO,OBSERVED_ANNUAL_INCOME_DECILE_EXPENDITURE_DIAGNOSTIC
4,HOUSEHOLD_ANNUAL_INCOME_DECILE,OECD_NEW_EQUIVALIZED_DISPOSABLE_INCOME_DECILE,NOT_LINKED_DO_NOT_TREAT_AS_OBJECTIVE_DECILE,4100,5355441,1.81,0.87,0.8,59.2,400,PUBLISHED_UPPER_BOUND,211445,2537340,0.841598936484,63863,24370,17233,8180,5650,12154,28929,1741,20495,28830,211445,0,0.302031261084,NOT_IDENTIFIED_BROAD_FOOD_INCLUDES_ALCOHOL_AND_EATING_OUT_OTHER_EXEMPTIONS_UNMAPPED,PROHIBITED_DIRECT_MAPPING_WITHOUT_RANK_BRIDGE_AND_VAT_INCIDENCE_MODEL,ESTAT-NSFCW-2024-T1-21-ANNUAL-INCOME-DECILE-EXPENDITURE,a01021 nationwide total-households/all-households/head-sex-average block; annual-income deciles BF:BO,OBSERVED_ANNUAL_INCOME_DECILE_EXPENDITURE_DIAGNOSTIC
5,HOUSEHOLD_ANNUAL_INCOME_DECILE,OECD_NEW_EQUIVALIZED_DISPOSABLE_INCOME_DECILE,NOT_LINKED_DO_NOT_TREAT_AS_OBJECTIVE_DECILE,4030,5355441,1.91,0.69,1.02,54.4,483,PUBLISHED_UPPER_BOUND,230625,2767500,0.917939675691,64802,27645,17661,9017,6480,11467,34366,3362,24541,31283,230624,-1,0.280984281843,NOT_IDENTIFIED_BROAD_FOOD_INCLUDES_ALCOHOL_AND_EATING_OUT_OTHER_EXEMPTIONS_UNMAPPED,PROHIBITED_DIRECT_MAPPING_WITHOUT_RANK_BRIDGE_AND_VAT_INCIDENCE_MODEL,ESTAT-NSFCW-2024-T1-21-ANNUAL-INCOME-DECILE-EXPENDITURE,a01021 nationwide total-households/all-households/head-sex-average block; annual-income deciles BF:BO,OBSERVED_ANNUAL_INCOME_DECILE_EXPENDITURE_DIAGNOSTIC
6,HOUSEHOLD_ANNUAL_INCOME_DECILE,OECD_NEW_EQUIVALIZED_DISPOSABLE_INCOME_DECILE,NOT_LINKED_DO_NOT_TREAT_AS_OBJECTIVE_DECILE,4010,5355441,2.14,0.57,1.28,53.2,577,PUBLISHED_UPPER_BOUND,239100,2869200,0.951672093042,70159,24484,18318,8917,7256,12065,36057,4401,24000,33443,239100,0,0.293429527394,NOT_IDENTIFIED_BROAD_FOOD_INCLUDES_ALCOHOL_AND_EATING_OUT_OTHER_EXEMPTIONS_UNMAPPED,PROHIBITED_DIRECT_MAPPING_WITHOUT_RANK_BRIDGE_AND_VAT_INCIDENCE_MODEL,ESTAT-NSFCW-2024-T1-21-ANNUAL-INCOME-DECILE-EXPENDITURE,a01021 nationwide total-households/all-households/head-sex-average block; annual-income deciles BF:BO,OBSERVED_ANNUAL_INCOME_DECILE_EXPENDITURE_DIAGNOSTIC
7,HOUSEHOLD_ANNUAL_INCOME_DECILE,OECD_NEW_EQUIVALIZED_DISPOSABLE_INCOME_DECILE,NOT_LINKED_DO_NOT_TREAT_AS_OBJECTIVE_DECILE,4350,5355441,2.47,0.51,1.49,52.6,699,PUBLISHED_UPPER_BOUND,267551,3210612,1.064913509684,77140,26014,19884,10734,9079,12420,42173,5787,26123,38197,267551,0,0.288318862572,NOT_IDENTIFIED_BROAD_FOOD_INCLUDES_ALCOHOL_AND_EATING_OUT_OTHER_EXEMPTIONS_UNMAPPED,PROHIBITED_DIRECT_MAPPING_WITHOUT_RANK_BRIDGE_AND_VAT_INCIDENCE_MODEL,ESTAT-NSFCW-2024-T1-21-ANNUAL-INCOME-DECILE-EXPENDITURE,a01021 nationwide total-households/all-households/head-sex-average block; annual-income deciles BF:BO,OBSERVED_ANNUAL_INCOME_DECILE_EXPENDITURE_DIAGNOSTIC
8,HOUSEHOLD_ANNUAL_INCOME_DECILE,OECD_NEW_EQUIVALIZED_DISPOSABLE_INCOME_DECILE,NOT_LINKED_DO_NOT_TREAT_AS_OBJECTIVE_DECILE,4520,5355441,2.74,0.46,1.68,52.3,850,PUBLISHED_UPPER_BOUND,298918,3587016,1.18976126603,86895,21953,21732,12060,10869,13999,43761,10756,31366,45527,298918,0,0.290698452418,NOT_IDENTIFIED_BROAD_FOOD_INCLUDES_ALCOHOL_AND_EATING_OUT_OTHER_EXEMPTIONS_UNMAPPED,PROHIBITED_DIRECT_MAPPING_WITHOUT_RANK_BRIDGE_AND_VAT_INCIDENCE_MODEL,ESTAT-NSFCW-2024-T1-21-ANNUAL-INCOME-DECILE-EXPENDITURE,a01021 nationwide total-households/all-households/head-sex-average block; annual-income deciles BF:BO,OBSERVED_ANNUAL_INCOME_DECILE_EXPENDITURE_DIAGNOSTIC
9,HOUSEHOLD_ANNUAL_INCOME_DECILE,OECD_NEW_EQUIVALIZED_DISPOSABLE_INCOME_DECILE,NOT_LINKED_DO_NOT_TREAT_AS_OBJECTIVE_DECILE,4480,5355441,3.04,0.39,1.86,51.9,1100,PUBLISHED_UPPER_BOUND,339084,4069008,1.349631033028,94293,25117,23125,13401,13719,14657,48909,16250,33588,56025,339084,0,0.278081537318,NOT_IDENTIFIED_BROAD_FOOD_INCLUDES_ALCOHOL_AND_EATING_OUT_OTHER_EXEMPTIONS_UNMAPPED,PROHIBITED_DIRECT_MAPPING_WITHOUT_RANK_BRIDGE_AND_VAT_INCIDENCE_MODEL,ESTAT-NSFCW-2024-T1-21-ANNUAL-INCOME-DECILE-EXPENDITURE,a01021 nationwide total-households/all-households/head-sex-average block; annual-income deciles BF:BO,OBSERVED_ANNUAL_INCOME_DECILE_EXPENDITURE_DIAGNOSTIC
10,HOUSEHOLD_ANNUAL_INCOME_DECILE,OECD_NEW_EQUIVALIZED_DISPOSABLE_INCOME_DECILE,NOT_LINKED_DO_NOT_TREAT_AS_OBJECTIVE_DECILE,4250,5355441,3.26,0.41,2.11,53.8,,OPEN_TOP_DECILE_NO_UPPER_BOUND,439645,5275740,1.749886563552,114333,29820,25657,17357,19516,18770,61908,27712,48688,75884,439645,0,0.26005754643,NOT_IDENTIFIED_BROAD_FOOD_INCLUDES_ALCOHOL_AND_EATING_OUT_OTHER_EXEMPTIONS_UNMAPPED,PROHIBITED_DIRECT_MAPPING_WITHOUT_RANK_BRIDGE_AND_VAT_INCIDENCE_MODEL,ESTAT-NSFCW-2024-T1-21-ANNUAL-INCOME-DECILE-EXPENDITURE,a01021 nationwide total-households/all-households/head-sex-average block; annual-income deciles BF:BO,OBSERVED_ANNUAL_INCOME_DECILE_EXPENDITURE_DIAGNOSTIC
