decile,decile_code,decile_label,reported_item,income_component_code,income_component_label,unit,raw_value,numeric_value,missing_marker,source_cell,source_row,source_column,source_id,source_stat_inf_id,source_file,source_sha256
1,R01,R01_十分位1,集計世帯数（概数）,0,総数,,8620,8620,,AC8,8,AC,ESTAT-7153-1-2024,000040490416,data/raw/estat/000040490416.xlsx,3c039606b6dea33926d6fa7e7d711a1c18da490856e4812e2737c5544f34cc4c
2,R02,R02_十分位2,集計世帯数（概数）,0,総数,,8690,8690,,AD8,8,AD,ESTAT-7153-1-2024,000040490416,data/raw/estat/000040490416.xlsx,3c039606b6dea33926d6fa7e7d711a1c18da490856e4812e2737c5544f34cc4c
3,R03,R03_十分位3,集計世帯数（概数）,0,総数,,8350,8350,,AE8,8,AE,ESTAT-7153-1-2024,000040490416,data/raw/estat/000040490416.xlsx,3c039606b6dea33926d6fa7e7d711a1c18da490856e4812e2737c5544f34cc4c
4,R04,R04_十分位4,集計世帯数（概数）,0,総数,,7860,7860,,AF8,8,AF,ESTAT-7153-1-2024,000040490416,data/raw/estat/000040490416.xlsx,3c039606b6dea33926d6fa7e7d711a1c18da490856e4812e2737c5544f34cc4c
5,R05,R05_十分位5,集計世帯数（概数）,0,総数,,7670,7670,,AG8,8,AG,ESTAT-7153-1-2024,000040490416,data/raw/estat/000040490416.xlsx,3c039606b6dea33926d6fa7e7d711a1c18da490856e4812e2737c5544f34cc4c
6,R06,R06_十分位6,集計世帯数（概数）,0,総数,,6980,6980,,AH8,8,AH,ESTAT-7153-1-2024,000040490416,data/raw/estat/000040490416.xlsx,3c039606b6dea33926d6fa7e7d711a1c18da490856e4812e2737c5544f34cc4c
7,R07,R07_十分位7,集計世帯数（概数）,0,総数,,6810,6810,,AI8,8,AI,ESTAT-7153-1-2024,000040490416,data/raw/estat/000040490416.xlsx,3c039606b6dea33926d6fa7e7d711a1c18da490856e4812e2737c5544f34cc4c
8,R08,R08_十分位8,集計世帯数（概数）,0,総数,,6710,6710,,AJ8,8,AJ,ESTAT-7153-1-2024,000040490416,data/raw/estat/000040490416.xlsx,3c039606b6dea33926d6fa7e7d711a1c18da490856e4812e2737c5544f34cc4c
9,R09,R09_十分位9,集計世帯数（概数）,0,総数,,6630,6630,,AK8,8,AK,ESTAT-7153-1-2024,000040490416,data/raw/estat/000040490416.xlsx,3c039606b6dea33926d6fa7e7d711a1c18da490856e4812e2737c5544f34cc4c
10,R10,R10_十分位10,集計世帯数（概数）,0,総数,,5830,5830,,AL8,8,AL,ESTAT-7153-1-2024,000040490416,data/raw/estat/000040490416.xlsx,3c039606b6dea33926d6fa7e7d711a1c18da490856e4812e2737c5544f34cc4c
1,R01,R01_十分位1,等価年間収入額,2,等価年間収入,千円,1255,1255,,AC9,9,AC,ESTAT-7153-1-2024,000040490416,data/raw/estat/000040490416.xlsx,3c039606b6dea33926d6fa7e7d711a1c18da490856e4812e2737c5544f34cc4c
2,R02,R02_十分位2,等価年間収入額,2,等価年間収入,千円,2062,2062,,AD9,9,AD,ESTAT-7153-1-2024,000040490416,data/raw/estat/000040490416.xlsx,3c039606b6dea33926d6fa7e7d711a1c18da490856e4812e2737c5544f34cc4c
3,R03,R03_十分位3,等価年間収入額,2,等価年間収入,千円,2544,2544,,AE9,9,AE,ESTAT-7153-1-2024,000040490416,data/raw/estat/000040490416.xlsx,3c039606b6dea33926d6fa7e7d711a1c18da490856e4812e2737c5544f34cc4c
4,R04,R04_十分位4,等価年間収入額,2,等価年間収入,千円,3010,3010,,AF9,9,AF,ESTAT-7153-1-2024,000040490416,data/raw/estat/000040490416.xlsx,3c039606b6dea33926d6fa7e7d711a1c18da490856e4812e2737c5544f34cc4c
5,R05,R05_十分位5,等価年間収入額,2,等価年間収入,千円,3511,3511,,AG9,9,AG,ESTAT-7153-1-2024,000040490416,data/raw/estat/000040490416.xlsx,3c039606b6dea33926d6fa7e7d711a1c18da490856e4812e2737c5544f34cc4c
6,R06,R06_十分位6,等価年間収入額,2,等価年間収入,千円,4019,4019,,AH9,9,AH,ESTAT-7153-1-2024,000040490416,data/raw/estat/000040490416.xlsx,3c039606b6dea33926d6fa7e7d711a1c18da490856e4812e2737c5544f34cc4c
7,R07,R07_十分位7,等価年間収入額,2,等価年間収入,千円,4610,4610,,AI9,9,AI,ESTAT-7153-1-2024,000040490416,data/raw/estat/000040490416.xlsx,3c039606b6dea33926d6fa7e7d711a1c18da490856e4812e2737c5544f34cc4c
8,R08,R08_十分位8,等価年間収入額,2,等価年間収入,千円,5315,5315,,AJ9,9,AJ,ESTAT-7153-1-2024,000040490416,data/raw/estat/000040490416.xlsx,3c039606b6dea33926d6fa7e7d711a1c18da490856e4812e2737c5544f34cc4c
9,R09,R09_十分位9,等価年間収入額,2,等価年間収入,千円,6415,6415,,AK9,9,AK,ESTAT-7153-1-2024,000040490416,data/raw/estat/000040490416.xlsx,3c039606b6dea33926d6fa7e7d711a1c18da490856e4812e2737c5544f34cc4c
10,R10,R10_十分位10,等価年間収入額,2,等価年間収入,千円,10255,10255,,AL9,9,AL,ESTAT-7153-1-2024,000040490416,data/raw/estat/000040490416.xlsx,3c039606b6dea33926d6fa7e7d711a1c18da490856e4812e2737c5544f34cc4c
1,R01,R01_十分位1,等価年間収入額,21,現金収入,千円,1252,1252,,AC10,10,AC,ESTAT-7153-1-2024,000040490416,data/raw/estat/000040490416.xlsx,3c039606b6dea33926d6fa7e7d711a1c18da490856e4812e2737c5544f34cc4c
2,R02,R02_十分位2,等価年間収入額,21,現金収入,千円,2059,2059,,AD10,10,AD,ESTAT-7153-1-2024,000040490416,data/raw/estat/000040490416.xlsx,3c039606b6dea33926d6fa7e7d711a1c18da490856e4812e2737c5544f34cc4c
3,R03,R03_十分位3,等価年間収入額,21,現金収入,千円,2540,2540,,AE10,10,AE,ESTAT-7153-1-2024,000040490416,data/raw/estat/000040490416.xlsx,3c039606b6dea33926d6fa7e7d711a1c18da490856e4812e2737c5544f34cc4c
4,R04,R04_十分位4,等価年間収入額,21,現金収入,千円,3004,3004,,AF10,10,AF,ESTAT-7153-1-2024,000040490416,data/raw/estat/000040490416.xlsx,3c039606b6dea33926d6fa7e7d711a1c18da490856e4812e2737c5544f34cc4c
5,R05,R05_十分位5,等価年間収入額,21,現金収入,千円,3505,3505,,AG10,10,AG,ESTAT-7153-1-2024,000040490416,data/raw/estat/000040490416.xlsx,3c039606b6dea33926d6fa7e7d711a1c18da490856e4812e2737c5544f34cc4c
6,R06,R06_十分位6,等価年間収入額,21,現金収入,千円,4005,4005,,AH10,10,AH,ESTAT-7153-1-2024,000040490416,data/raw/estat/000040490416.xlsx,3c039606b6dea33926d6fa7e7d711a1c18da490856e4812e2737c5544f34cc4c
7,R07,R07_十分位7,等価年間収入額,21,現金収入,千円,4594,4594,,AI10,10,AI,ESTAT-7153-1-2024,000040490416,data/raw/estat/000040490416.xlsx,3c039606b6dea33926d6fa7e7d711a1c18da490856e4812e2737c5544f34cc4c
8,R08,R08_十分位8,等価年間収入額,21,現金収入,千円,5290,5290,,AJ10,10,AJ,ESTAT-7153-1-2024,000040490416,data/raw/estat/000040490416.xlsx,3c039606b6dea33926d6fa7e7d711a1c18da490856e4812e2737c5544f34cc4c
9,R09,R09_十分位9,等価年間収入額,21,現金収入,千円,6374,6374,,AK10,10,AK,ESTAT-7153-1-2024,000040490416,data/raw/estat/000040490416.xlsx,3c039606b6dea33926d6fa7e7d711a1c18da490856e4812e2737c5544f34cc4c
10,R10,R10_十分位10,等価年間収入額,21,現金収入,千円,10049,10049,,AL10,10,AL,ESTAT-7153-1-2024,000040490416,data/raw/estat/000040490416.xlsx,3c039606b6dea33926d6fa7e7d711a1c18da490856e4812e2737c5544f34cc4c
1,R01,R01_十分位1,等価年間収入額,211,勤め先収入,千円,348,348,,AC11,11,AC,ESTAT-7153-1-2024,000040490416,data/raw/estat/000040490416.xlsx,3c039606b6dea33926d6fa7e7d711a1c18da490856e4812e2737c5544f34cc4c
2,R02,R02_十分位2,等価年間収入額,211,勤め先収入,千円,860,860,,AD11,11,AD,ESTAT-7153-1-2024,000040490416,data/raw/estat/000040490416.xlsx,3c039606b6dea33926d6fa7e7d711a1c18da490856e4812e2737c5544f34cc4c
3,R03,R03_十分位3,等価年間収入額,211,勤め先収入,千円,1323,1323,,AE11,11,AE,ESTAT-7153-1-2024,000040490416,data/raw/estat/000040490416.xlsx,3c039606b6dea33926d6fa7e7d711a1c18da490856e4812e2737c5544f34cc4c
4,R04,R04_十分位4,等価年間収入額,211,勤め先収入,千円,1823,1823,,AF11,11,AF,ESTAT-7153-1-2024,000040490416,data/raw/estat/000040490416.xlsx,3c039606b6dea33926d6fa7e7d711a1c18da490856e4812e2737c5544f34cc4c
5,R05,R05_十分位5,等価年間収入額,211,勤め先収入,千円,2419,2419,,AG11,11,AG,ESTAT-7153-1-2024,000040490416,data/raw/estat/000040490416.xlsx,3c039606b6dea33926d6fa7e7d711a1c18da490856e4812e2737c5544f34cc4c
6,R06,R06_十分位6,等価年間収入額,211,勤め先収入,千円,2943,2943,,AH11,11,AH,ESTAT-7153-1-2024,000040490416,data/raw/estat/000040490416.xlsx,3c039606b6dea33926d6fa7e7d711a1c18da490856e4812e2737c5544f34cc4c
7,R07,R07_十分位7,等価年間収入額,211,勤め先収入,千円,3572,3572,,AI11,11,AI,ESTAT-7153-1-2024,000040490416,data/raw/estat/000040490416.xlsx,3c039606b6dea33926d6fa7e7d711a1c18da490856e4812e2737c5544f34cc4c
8,R08,R08_十分位8,等価年間収入額,211,勤め先収入,千円,4155,4155,,AJ11,11,AJ,ESTAT-7153-1-2024,000040490416,data/raw/estat/000040490416.xlsx,3c039606b6dea33926d6fa7e7d711a1c18da490856e4812e2737c5544f34cc4c
9,R09,R09_十分位9,等価年間収入額,211,勤め先収入,千円,5121,5121,,AK11,11,AK,ESTAT-7153-1-2024,000040490416,data/raw/estat/000040490416.xlsx,3c039606b6dea33926d6fa7e7d711a1c18da490856e4812e2737c5544f34cc4c
10,R10,R10_十分位10,等価年間収入額,211,勤め先収入,千円,7344,7344,,AL11,11,AL,ESTAT-7153-1-2024,000040490416,data/raw/estat/000040490416.xlsx,3c039606b6dea33926d6fa7e7d711a1c18da490856e4812e2737c5544f34cc4c
1,R01,R01_十分位1,等価年間収入額,21101,世帯主収入,千円,269,269,,AC12,12,AC,ESTAT-7153-1-2024,000040490416,data/raw/estat/000040490416.xlsx,3c039606b6dea33926d6fa7e7d711a1c18da490856e4812e2737c5544f34cc4c
2,R02,R02_十分位2,等価年間収入額,21101,世帯主収入,千円,686,686,,AD12,12,AD,ESTAT-7153-1-2024,000040490416,data/raw/estat/000040490416.xlsx,3c039606b6dea33926d6fa7e7d711a1c18da490856e4812e2737c5544f34cc4c
3,R03,R03_十分位3,等価年間収入額,21101,世帯主収入,千円,1029,1029,,AE12,12,AE,ESTAT-7153-1-2024,000040490416,data/raw/estat/000040490416.xlsx,3c039606b6dea33926d6fa7e7d711a1c18da490856e4812e2737c5544f34cc4c
4,R04,R04_十分位4,等価年間収入額,21101,世帯主収入,千円,1406,1406,,AF12,12,AF,ESTAT-7153-1-2024,000040490416,data/raw/estat/000040490416.xlsx,3c039606b6dea33926d6fa7e7d711a1c18da490856e4812e2737c5544f34cc4c
5,R05,R05_十分位5,等価年間収入額,21101,世帯主収入,千円,1836,1836,,AG12,12,AG,ESTAT-7153-1-2024,000040490416,data/raw/estat/000040490416.xlsx,3c039606b6dea33926d6fa7e7d711a1c18da490856e4812e2737c5544f34cc4c
6,R06,R06_十分位6,等価年間収入額,21101,世帯主収入,千円,2209,2209,,AH12,12,AH,ESTAT-7153-1-2024,000040490416,data/raw/estat/000040490416.xlsx,3c039606b6dea33926d6fa7e7d711a1c18da490856e4812e2737c5544f34cc4c
7,R07,R07_十分位7,等価年間収入額,21101,世帯主収入,千円,2620,2620,,AI12,12,AI,ESTAT-7153-1-2024,000040490416,data/raw/estat/000040490416.xlsx,3c039606b6dea33926d6fa7e7d711a1c18da490856e4812e2737c5544f34cc4c
8,R08,R08_十分位8,等価年間収入額,21101,世帯主収入,千円,2918,2918,,AJ12,12,AJ,ESTAT-7153-1-2024,000040490416,data/raw/estat/000040490416.xlsx,3c039606b6dea33926d6fa7e7d711a1c18da490856e4812e2737c5544f34cc4c
9,R09,R09_十分位9,等価年間収入額,21101,世帯主収入,千円,3497,3497,,AK12,12,AK,ESTAT-7153-1-2024,000040490416,data/raw/estat/000040490416.xlsx,3c039606b6dea33926d6fa7e7d711a1c18da490856e4812e2737c5544f34cc4c
10,R10,R10_十分位10,等価年間収入額,21101,世帯主収入,千円,5010,5010,,AL12,12,AL,ESTAT-7153-1-2024,000040490416,data/raw/estat/000040490416.xlsx,3c039606b6dea33926d6fa7e7d711a1c18da490856e4812e2737c5544f34cc4c
1,R01,R01_十分位1,等価年間収入額,21102,世帯主の配偶者の収入,千円,45,45,,AC13,13,AC,ESTAT-7153-1-2024,000040490416,data/raw/estat/000040490416.xlsx,3c039606b6dea33926d6fa7e7d711a1c18da490856e4812e2737c5544f34cc4c
2,R02,R02_十分位2,等価年間収入額,21102,世帯主の配偶者の収入,千円,99,99,,AD13,13,AD,ESTAT-7153-1-2024,000040490416,data/raw/estat/000040490416.xlsx,3c039606b6dea33926d6fa7e7d711a1c18da490856e4812e2737c5544f34cc4c
3,R03,R03_十分位3,等価年間収入額,21102,世帯主の配偶者の収入,千円,168,168,,AE13,13,AE,ESTAT-7153-1-2024,000040490416,data/raw/estat/000040490416.xlsx,3c039606b6dea33926d6fa7e7d711a1c18da490856e4812e2737c5544f34cc4c
4,R04,R04_十分位4,等価年間収入額,21102,世帯主の配偶者の収入,千円,242,242,,AF13,13,AF,ESTAT-7153-1-2024,000040490416,data/raw/estat/000040490416.xlsx,3c039606b6dea33926d6fa7e7d711a1c18da490856e4812e2737c5544f34cc4c
5,R05,R05_十分位5,等価年間収入額,21102,世帯主の配偶者の収入,千円,332,332,,AG13,13,AG,ESTAT-7153-1-2024,000040490416,data/raw/estat/000040490416.xlsx,3c039606b6dea33926d6fa7e7d711a1c18da490856e4812e2737c5544f34cc4c
6,R06,R06_十分位6,等価年間収入額,21102,世帯主の配偶者の収入,千円,395,395,,AH13,13,AH,ESTAT-7153-1-2024,000040490416,data/raw/estat/000040490416.xlsx,3c039606b6dea33926d6fa7e7d711a1c18da490856e4812e2737c5544f34cc4c
7,R07,R07_十分位7,等価年間収入額,21102,世帯主の配偶者の収入,千円,547,547,,AI13,13,AI,ESTAT-7153-1-2024,000040490416,data/raw/estat/000040490416.xlsx,3c039606b6dea33926d6fa7e7d711a1c18da490856e4812e2737c5544f34cc4c
8,R08,R08_十分位8,等価年間収入額,21102,世帯主の配偶者の収入,千円,705,705,,AJ13,13,AJ,ESTAT-7153-1-2024,000040490416,data/raw/estat/000040490416.xlsx,3c039606b6dea33926d6fa7e7d711a1c18da490856e4812e2737c5544f34cc4c
9,R09,R09_十分位9,等価年間収入額,21102,世帯主の配偶者の収入,千円,980,980,,AK13,13,AK,ESTAT-7153-1-2024,000040490416,data/raw/estat/000040490416.xlsx,3c039606b6dea33926d6fa7e7d711a1c18da490856e4812e2737c5544f34cc4c
10,R10,R10_十分位10,等価年間収入額,21102,世帯主の配偶者の収入,千円,1560,1560,,AL13,13,AL,ESTAT-7153-1-2024,000040490416,data/raw/estat/000040490416.xlsx,3c039606b6dea33926d6fa7e7d711a1c18da490856e4812e2737c5544f34cc4c
1,R01,R01_十分位1,等価年間収入額,21103,他の世帯員収入,千円,33,33,,AC14,14,AC,ESTAT-7153-1-2024,000040490416,data/raw/estat/000040490416.xlsx,3c039606b6dea33926d6fa7e7d711a1c18da490856e4812e2737c5544f34cc4c
2,R02,R02_十分位2,等価年間収入額,21103,他の世帯員収入,千円,75,75,,AD14,14,AD,ESTAT-7153-1-2024,000040490416,data/raw/estat/000040490416.xlsx,3c039606b6dea33926d6fa7e7d711a1c18da490856e4812e2737c5544f34cc4c
3,R03,R03_十分位3,等価年間収入額,21103,他の世帯員収入,千円,125,125,,AE14,14,AE,ESTAT-7153-1-2024,000040490416,data/raw/estat/000040490416.xlsx,3c039606b6dea33926d6fa7e7d711a1c18da490856e4812e2737c5544f34cc4c
4,R04,R04_十分位4,等価年間収入額,21103,他の世帯員収入,千円,176,176,,AF14,14,AF,ESTAT-7153-1-2024,000040490416,data/raw/estat/000040490416.xlsx,3c039606b6dea33926d6fa7e7d711a1c18da490856e4812e2737c5544f34cc4c
5,R05,R05_十分位5,等価年間収入額,21103,他の世帯員収入,千円,252,252,,AG14,14,AG,ESTAT-7153-1-2024,000040490416,data/raw/estat/000040490416.xlsx,3c039606b6dea33926d6fa7e7d711a1c18da490856e4812e2737c5544f34cc4c
6,R06,R06_十分位6,等価年間収入額,21103,他の世帯員収入,千円,339,339,,AH14,14,AH,ESTAT-7153-1-2024,000040490416,data/raw/estat/000040490416.xlsx,3c039606b6dea33926d6fa7e7d711a1c18da490856e4812e2737c5544f34cc4c
7,R07,R07_十分位7,等価年間収入額,21103,他の世帯員収入,千円,405,405,,AI14,14,AI,ESTAT-7153-1-2024,000040490416,data/raw/estat/000040490416.xlsx,3c039606b6dea33926d6fa7e7d711a1c18da490856e4812e2737c5544f34cc4c
8,R08,R08_十分位8,等価年間収入額,21103,他の世帯員収入,千円,532,532,,AJ14,14,AJ,ESTAT-7153-1-2024,000040490416,data/raw/estat/000040490416.xlsx,3c039606b6dea33926d6fa7e7d711a1c18da490856e4812e2737c5544f34cc4c
9,R09,R09_十分位9,等価年間収入額,21103,他の世帯員収入,千円,644,644,,AK14,14,AK,ESTAT-7153-1-2024,000040490416,data/raw/estat/000040490416.xlsx,3c039606b6dea33926d6fa7e7d711a1c18da490856e4812e2737c5544f34cc4c
10,R10,R10_十分位10,等価年間収入額,21103,他の世帯員収入,千円,774,774,,AL14,14,AL,ESTAT-7153-1-2024,000040490416,data/raw/estat/000040490416.xlsx,3c039606b6dea33926d6fa7e7d711a1c18da490856e4812e2737c5544f34cc4c
1,R01,R01_十分位1,等価年間収入額,212,事業・内職収入,千円,155,155,,AC15,15,AC,ESTAT-7153-1-2024,000040490416,data/raw/estat/000040490416.xlsx,3c039606b6dea33926d6fa7e7d711a1c18da490856e4812e2737c5544f34cc4c
2,R02,R02_十分位2,等価年間収入額,212,事業・内職収入,千円,218,218,,AD15,15,AD,ESTAT-7153-1-2024,000040490416,data/raw/estat/000040490416.xlsx,3c039606b6dea33926d6fa7e7d711a1c18da490856e4812e2737c5544f34cc4c
3,R03,R03_十分位3,等価年間収入額,212,事業・内職収入,千円,200,200,,AE15,15,AE,ESTAT-7153-1-2024,000040490416,data/raw/estat/000040490416.xlsx,3c039606b6dea33926d6fa7e7d711a1c18da490856e4812e2737c5544f34cc4c
4,R04,R04_十分位4,等価年間収入額,212,事業・内職収入,千円,249,249,,AF15,15,AF,ESTAT-7153-1-2024,000040490416,data/raw/estat/000040490416.xlsx,3c039606b6dea33926d6fa7e7d711a1c18da490856e4812e2737c5544f34cc4c
5,R05,R05_十分位5,等価年間収入額,212,事業・内職収入,千円,267,267,,AG15,15,AG,ESTAT-7153-1-2024,000040490416,data/raw/estat/000040490416.xlsx,3c039606b6dea33926d6fa7e7d711a1c18da490856e4812e2737c5544f34cc4c
6,R06,R06_十分位6,等価年間収入額,212,事業・内職収入,千円,313,313,,AH15,15,AH,ESTAT-7153-1-2024,000040490416,data/raw/estat/000040490416.xlsx,3c039606b6dea33926d6fa7e7d711a1c18da490856e4812e2737c5544f34cc4c
7,R07,R07_十分位7,等価年間収入額,212,事業・内職収入,千円,329,329,,AI15,15,AI,ESTAT-7153-1-2024,000040490416,data/raw/estat/000040490416.xlsx,3c039606b6dea33926d6fa7e7d711a1c18da490856e4812e2737c5544f34cc4c
8,R08,R08_十分位8,等価年間収入額,212,事業・内職収入,千円,433,433,,AJ15,15,AJ,ESTAT-7153-1-2024,000040490416,data/raw/estat/000040490416.xlsx,3c039606b6dea33926d6fa7e7d711a1c18da490856e4812e2737c5544f34cc4c
9,R09,R09_十分位9,等価年間収入額,212,事業・内職収入,千円,590,590,,AK15,15,AK,ESTAT-7153-1-2024,000040490416,data/raw/estat/000040490416.xlsx,3c039606b6dea33926d6fa7e7d711a1c18da490856e4812e2737c5544f34cc4c
10,R10,R10_十分位10,等価年間収入額,212,事業・内職収入,千円,1959,1959,,AL15,15,AL,ESTAT-7153-1-2024,000040490416,data/raw/estat/000040490416.xlsx,3c039606b6dea33926d6fa7e7d711a1c18da490856e4812e2737c5544f34cc4c
1,R01,R01_十分位1,等価年間収入額,2121,農林漁業収入,千円,17,17,,AC16,16,AC,ESTAT-7153-1-2024,000040490416,data/raw/estat/000040490416.xlsx,3c039606b6dea33926d6fa7e7d711a1c18da490856e4812e2737c5544f34cc4c
2,R02,R02_十分位2,等価年間収入額,2121,農林漁業収入,千円,18,18,,AD16,16,AD,ESTAT-7153-1-2024,000040490416,data/raw/estat/000040490416.xlsx,3c039606b6dea33926d6fa7e7d711a1c18da490856e4812e2737c5544f34cc4c
3,R03,R03_十分位3,等価年間収入額,2121,農林漁業収入,千円,19,19,,AE16,16,AE,ESTAT-7153-1-2024,000040490416,data/raw/estat/000040490416.xlsx,3c039606b6dea33926d6fa7e7d711a1c18da490856e4812e2737c5544f34cc4c
4,R04,R04_十分位4,等価年間収入額,2121,農林漁業収入,千円,18,18,,AF16,16,AF,ESTAT-7153-1-2024,000040490416,data/raw/estat/000040490416.xlsx,3c039606b6dea33926d6fa7e7d711a1c18da490856e4812e2737c5544f34cc4c
5,R05,R05_十分位5,等価年間収入額,2121,農林漁業収入,千円,27,27,,AG16,16,AG,ESTAT-7153-1-2024,000040490416,data/raw/estat/000040490416.xlsx,3c039606b6dea33926d6fa7e7d711a1c18da490856e4812e2737c5544f34cc4c
6,R06,R06_十分位6,等価年間収入額,2121,農林漁業収入,千円,24,24,,AH16,16,AH,ESTAT-7153-1-2024,000040490416,data/raw/estat/000040490416.xlsx,3c039606b6dea33926d6fa7e7d711a1c18da490856e4812e2737c5544f34cc4c
7,R07,R07_十分位7,等価年間収入額,2121,農林漁業収入,千円,29,29,,AI16,16,AI,ESTAT-7153-1-2024,000040490416,data/raw/estat/000040490416.xlsx,3c039606b6dea33926d6fa7e7d711a1c18da490856e4812e2737c5544f34cc4c
8,R08,R08_十分位8,等価年間収入額,2121,農林漁業収入,千円,40,40,,AJ16,16,AJ,ESTAT-7153-1-2024,000040490416,data/raw/estat/000040490416.xlsx,3c039606b6dea33926d6fa7e7d711a1c18da490856e4812e2737c5544f34cc4c
9,R09,R09_十分位9,等価年間収入額,2121,農林漁業収入,千円,57,57,,AK16,16,AK,ESTAT-7153-1-2024,000040490416,data/raw/estat/000040490416.xlsx,3c039606b6dea33926d6fa7e7d711a1c18da490856e4812e2737c5544f34cc4c
10,R10,R10_十分位10,等価年間収入額,2121,農林漁業収入,千円,181,181,,AL16,16,AL,ESTAT-7153-1-2024,000040490416,data/raw/estat/000040490416.xlsx,3c039606b6dea33926d6fa7e7d711a1c18da490856e4812e2737c5544f34cc4c
1,R01,R01_十分位1,等価年間収入額,2122,農林漁業以外の事業収入,千円,119,119,,AC17,17,AC,ESTAT-7153-1-2024,000040490416,data/raw/estat/000040490416.xlsx,3c039606b6dea33926d6fa7e7d711a1c18da490856e4812e2737c5544f34cc4c
2,R02,R02_十分位2,等価年間収入額,2122,農林漁業以外の事業収入,千円,176,176,,AD17,17,AD,ESTAT-7153-1-2024,000040490416,data/raw/estat/000040490416.xlsx,3c039606b6dea33926d6fa7e7d711a1c18da490856e4812e2737c5544f34cc4c
3,R03,R03_十分位3,等価年間収入額,2122,農林漁業以外の事業収入,千円,156,156,,AE17,17,AE,ESTAT-7153-1-2024,000040490416,data/raw/estat/000040490416.xlsx,3c039606b6dea33926d6fa7e7d711a1c18da490856e4812e2737c5544f34cc4c
4,R04,R04_十分位4,等価年間収入額,2122,農林漁業以外の事業収入,千円,194,194,,AF17,17,AF,ESTAT-7153-1-2024,000040490416,data/raw/estat/000040490416.xlsx,3c039606b6dea33926d6fa7e7d711a1c18da490856e4812e2737c5544f34cc4c
5,R05,R05_十分位5,等価年間収入額,2122,農林漁業以外の事業収入,千円,202,202,,AG17,17,AG,ESTAT-7153-1-2024,000040490416,data/raw/estat/000040490416.xlsx,3c039606b6dea33926d6fa7e7d711a1c18da490856e4812e2737c5544f34cc4c
6,R06,R06_十分位6,等価年間収入額,2122,農林漁業以外の事業収入,千円,243,243,,AH17,17,AH,ESTAT-7153-1-2024,000040490416,data/raw/estat/000040490416.xlsx,3c039606b6dea33926d6fa7e7d711a1c18da490856e4812e2737c5544f34cc4c
7,R07,R07_十分位7,等価年間収入額,2122,農林漁業以外の事業収入,千円,239,239,,AI17,17,AI,ESTAT-7153-1-2024,000040490416,data/raw/estat/000040490416.xlsx,3c039606b6dea33926d6fa7e7d711a1c18da490856e4812e2737c5544f34cc4c
8,R08,R08_十分位8,等価年間収入額,2122,農林漁業以外の事業収入,千円,312,312,,AJ17,17,AJ,ESTAT-7153-1-2024,000040490416,data/raw/estat/000040490416.xlsx,3c039606b6dea33926d6fa7e7d711a1c18da490856e4812e2737c5544f34cc4c
9,R09,R09_十分位9,等価年間収入額,2122,農林漁業以外の事業収入,千円,391,391,,AK17,17,AK,ESTAT-7153-1-2024,000040490416,data/raw/estat/000040490416.xlsx,3c039606b6dea33926d6fa7e7d711a1c18da490856e4812e2737c5544f34cc4c
10,R10,R10_十分位10,等価年間収入額,2122,農林漁業以外の事業収入,千円,1212,1212,,AL17,17,AL,ESTAT-7153-1-2024,000040490416,data/raw/estat/000040490416.xlsx,3c039606b6dea33926d6fa7e7d711a1c18da490856e4812e2737c5544f34cc4c
1,R01,R01_十分位1,等価年間収入額,2123,家賃・地代,千円,13,13,,AC18,18,AC,ESTAT-7153-1-2024,000040490416,data/raw/estat/000040490416.xlsx,3c039606b6dea33926d6fa7e7d711a1c18da490856e4812e2737c5544f34cc4c
2,R02,R02_十分位2,等価年間収入額,2123,家賃・地代,千円,18,18,,AD18,18,AD,ESTAT-7153-1-2024,000040490416,data/raw/estat/000040490416.xlsx,3c039606b6dea33926d6fa7e7d711a1c18da490856e4812e2737c5544f34cc4c
3,R03,R03_十分位3,等価年間収入額,2123,家賃・地代,千円,20,20,,AE18,18,AE,ESTAT-7153-1-2024,000040490416,data/raw/estat/000040490416.xlsx,3c039606b6dea33926d6fa7e7d711a1c18da490856e4812e2737c5544f34cc4c
4,R04,R04_十分位4,等価年間収入額,2123,家賃・地代,千円,31,31,,AF18,18,AF,ESTAT-7153-1-2024,000040490416,data/raw/estat/000040490416.xlsx,3c039606b6dea33926d6fa7e7d711a1c18da490856e4812e2737c5544f34cc4c
5,R05,R05_十分位5,等価年間収入額,2123,家賃・地代,千円,31,31,,AG18,18,AG,ESTAT-7153-1-2024,000040490416,data/raw/estat/000040490416.xlsx,3c039606b6dea33926d6fa7e7d711a1c18da490856e4812e2737c5544f34cc4c
6,R06,R06_十分位6,等価年間収入額,2123,家賃・地代,千円,39,39,,AH18,18,AH,ESTAT-7153-1-2024,000040490416,data/raw/estat/000040490416.xlsx,3c039606b6dea33926d6fa7e7d711a1c18da490856e4812e2737c5544f34cc4c
7,R07,R07_十分位7,等価年間収入額,2123,家賃・地代,千円,54,54,,AI18,18,AI,ESTAT-7153-1-2024,000040490416,data/raw/estat/000040490416.xlsx,3c039606b6dea33926d6fa7e7d711a1c18da490856e4812e2737c5544f34cc4c
8,R08,R08_十分位8,等価年間収入額,2123,家賃・地代,千円,75,75,,AJ18,18,AJ,ESTAT-7153-1-2024,000040490416,data/raw/estat/000040490416.xlsx,3c039606b6dea33926d6fa7e7d711a1c18da490856e4812e2737c5544f34cc4c
9,R09,R09_十分位9,等価年間収入額,2123,家賃・地代,千円,129,129,,AK18,18,AK,ESTAT-7153-1-2024,000040490416,data/raw/estat/000040490416.xlsx,3c039606b6dea33926d6fa7e7d711a1c18da490856e4812e2737c5544f34cc4c
10,R10,R10_十分位10,等価年間収入額,2123,家賃・地代,千円,554,554,,AL18,18,AL,ESTAT-7153-1-2024,000040490416,data/raw/estat/000040490416.xlsx,3c039606b6dea33926d6fa7e7d711a1c18da490856e4812e2737c5544f34cc4c
1,R01,R01_十分位1,等価年間収入額,2124,内職収入,千円,6,6,,AC19,19,AC,ESTAT-7153-1-2024,000040490416,data/raw/estat/000040490416.xlsx,3c039606b6dea33926d6fa7e7d711a1c18da490856e4812e2737c5544f34cc4c
2,R02,R02_十分位2,等価年間収入額,2124,内職収入,千円,6,6,,AD19,19,AD,ESTAT-7153-1-2024,000040490416,data/raw/estat/000040490416.xlsx,3c039606b6dea33926d6fa7e7d711a1c18da490856e4812e2737c5544f34cc4c
3,R03,R03_十分位3,等価年間収入額,2124,内職収入,千円,5,5,,AE19,19,AE,ESTAT-7153-1-2024,000040490416,data/raw/estat/000040490416.xlsx,3c039606b6dea33926d6fa7e7d711a1c18da490856e4812e2737c5544f34cc4c
4,R04,R04_十分位4,等価年間収入額,2124,内職収入,千円,6,6,,AF19,19,AF,ESTAT-7153-1-2024,000040490416,data/raw/estat/000040490416.xlsx,3c039606b6dea33926d6fa7e7d711a1c18da490856e4812e2737c5544f34cc4c
5,R05,R05_十分位5,等価年間収入額,2124,内職収入,千円,6,6,,AG19,19,AG,ESTAT-7153-1-2024,000040490416,data/raw/estat/000040490416.xlsx,3c039606b6dea33926d6fa7e7d711a1c18da490856e4812e2737c5544f34cc4c
6,R06,R06_十分位6,等価年間収入額,2124,内職収入,千円,8,8,,AH19,19,AH,ESTAT-7153-1-2024,000040490416,data/raw/estat/000040490416.xlsx,3c039606b6dea33926d6fa7e7d711a1c18da490856e4812e2737c5544f34cc4c
7,R07,R07_十分位7,等価年間収入額,2124,内職収入,千円,7,7,,AI19,19,AI,ESTAT-7153-1-2024,000040490416,data/raw/estat/000040490416.xlsx,3c039606b6dea33926d6fa7e7d711a1c18da490856e4812e2737c5544f34cc4c
8,R08,R08_十分位8,等価年間収入額,2124,内職収入,千円,6,6,,AJ19,19,AJ,ESTAT-7153-1-2024,000040490416,data/raw/estat/000040490416.xlsx,3c039606b6dea33926d6fa7e7d711a1c18da490856e4812e2737c5544f34cc4c
9,R09,R09_十分位9,等価年間収入額,2124,内職収入,千円,14,14,,AK19,19,AK,ESTAT-7153-1-2024,000040490416,data/raw/estat/000040490416.xlsx,3c039606b6dea33926d6fa7e7d711a1c18da490856e4812e2737c5544f34cc4c
10,R10,R10_十分位10,等価年間収入額,2124,内職収入,千円,12,12,,AL19,19,AL,ESTAT-7153-1-2024,000040490416,data/raw/estat/000040490416.xlsx,3c039606b6dea33926d6fa7e7d711a1c18da490856e4812e2737c5544f34cc4c
1,R01,R01_十分位1,等価年間収入額,213,利子・配当金,千円,11,11,,AC20,20,AC,ESTAT-7153-1-2024,000040490416,data/raw/estat/000040490416.xlsx,3c039606b6dea33926d6fa7e7d711a1c18da490856e4812e2737c5544f34cc4c
2,R02,R02_十分位2,等価年間収入額,213,利子・配当金,千円,12,12,,AD20,20,AD,ESTAT-7153-1-2024,000040490416,data/raw/estat/000040490416.xlsx,3c039606b6dea33926d6fa7e7d711a1c18da490856e4812e2737c5544f34cc4c
3,R03,R03_十分位3,等価年間収入額,213,利子・配当金,千円,11,11,,AE20,20,AE,ESTAT-7153-1-2024,000040490416,data/raw/estat/000040490416.xlsx,3c039606b6dea33926d6fa7e7d711a1c18da490856e4812e2737c5544f34cc4c
4,R04,R04_十分位4,等価年間収入額,213,利子・配当金,千円,17,17,,AF20,20,AF,ESTAT-7153-1-2024,000040490416,data/raw/estat/000040490416.xlsx,3c039606b6dea33926d6fa7e7d711a1c18da490856e4812e2737c5544f34cc4c
5,R05,R05_十分位5,等価年間収入額,213,利子・配当金,千円,15,15,,AG20,20,AG,ESTAT-7153-1-2024,000040490416,data/raw/estat/000040490416.xlsx,3c039606b6dea33926d6fa7e7d711a1c18da490856e4812e2737c5544f34cc4c
6,R06,R06_十分位6,等価年間収入額,213,利子・配当金,千円,24,24,,AH20,20,AH,ESTAT-7153-1-2024,000040490416,data/raw/estat/000040490416.xlsx,3c039606b6dea33926d6fa7e7d711a1c18da490856e4812e2737c5544f34cc4c
7,R07,R07_十分位7,等価年間収入額,213,利子・配当金,千円,27,27,,AI20,20,AI,ESTAT-7153-1-2024,000040490416,data/raw/estat/000040490416.xlsx,3c039606b6dea33926d6fa7e7d711a1c18da490856e4812e2737c5544f34cc4c
8,R08,R08_十分位8,等価年間収入額,213,利子・配当金,千円,22,22,,AJ20,20,AJ,ESTAT-7153-1-2024,000040490416,data/raw/estat/000040490416.xlsx,3c039606b6dea33926d6fa7e7d711a1c18da490856e4812e2737c5544f34cc4c
9,R09,R09_十分位9,等価年間収入額,213,利子・配当金,千円,38,38,,AK20,20,AK,ESTAT-7153-1-2024,000040490416,data/raw/estat/000040490416.xlsx,3c039606b6dea33926d6fa7e7d711a1c18da490856e4812e2737c5544f34cc4c
10,R10,R10_十分位10,等価年間収入額,213,利子・配当金,千円,116,116,,AL20,20,AL,ESTAT-7153-1-2024,000040490416,data/raw/estat/000040490416.xlsx,3c039606b6dea33926d6fa7e7d711a1c18da490856e4812e2737c5544f34cc4c
1,R01,R01_十分位1,等価年間収入額,214,公的年金・恩給給付,千円,557,557,,AC21,21,AC,ESTAT-7153-1-2024,000040490416,data/raw/estat/000040490416.xlsx,3c039606b6dea33926d6fa7e7d711a1c18da490856e4812e2737c5544f34cc4c
2,R02,R02_十分位2,等価年間収入額,214,公的年金・恩給給付,千円,818,818,,AD21,21,AD,ESTAT-7153-1-2024,000040490416,data/raw/estat/000040490416.xlsx,3c039606b6dea33926d6fa7e7d711a1c18da490856e4812e2737c5544f34cc4c
3,R03,R03_十分位3,等価年間収入額,214,公的年金・恩給給付,千円,864,864,,AE21,21,AE,ESTAT-7153-1-2024,000040490416,data/raw/estat/000040490416.xlsx,3c039606b6dea33926d6fa7e7d711a1c18da490856e4812e2737c5544f34cc4c
4,R04,R04_十分位4,等価年間収入額,214,公的年金・恩給給付,千円,758,758,,AF21,21,AF,ESTAT-7153-1-2024,000040490416,data/raw/estat/000040490416.xlsx,3c039606b6dea33926d6fa7e7d711a1c18da490856e4812e2737c5544f34cc4c
5,R05,R05_十分位5,等価年間収入額,214,公的年金・恩給給付,千円,637,637,,AG21,21,AG,ESTAT-7153-1-2024,000040490416,data/raw/estat/000040490416.xlsx,3c039606b6dea33926d6fa7e7d711a1c18da490856e4812e2737c5544f34cc4c
6,R06,R06_十分位6,等価年間収入額,214,公的年金・恩給給付,千円,556,556,,AH21,21,AH,ESTAT-7153-1-2024,000040490416,data/raw/estat/000040490416.xlsx,3c039606b6dea33926d6fa7e7d711a1c18da490856e4812e2737c5544f34cc4c
7,R07,R07_十分位7,等価年間収入額,214,公的年金・恩給給付,千円,485,485,,AI21,21,AI,ESTAT-7153-1-2024,000040490416,data/raw/estat/000040490416.xlsx,3c039606b6dea33926d6fa7e7d711a1c18da490856e4812e2737c5544f34cc4c
8,R08,R08_十分位8,等価年間収入額,214,公的年金・恩給給付,千円,495,495,,AJ21,21,AJ,ESTAT-7153-1-2024,000040490416,data/raw/estat/000040490416.xlsx,3c039606b6dea33926d6fa7e7d711a1c18da490856e4812e2737c5544f34cc4c
9,R09,R09_十分位9,等価年間収入額,214,公的年金・恩給給付,千円,442,442,,AK21,21,AK,ESTAT-7153-1-2024,000040490416,data/raw/estat/000040490416.xlsx,3c039606b6dea33926d6fa7e7d711a1c18da490856e4812e2737c5544f34cc4c
10,R10,R10_十分位10,等価年間収入額,214,公的年金・恩給給付,千円,390,390,,AL21,21,AL,ESTAT-7153-1-2024,000040490416,data/raw/estat/000040490416.xlsx,3c039606b6dea33926d6fa7e7d711a1c18da490856e4812e2737c5544f34cc4c
1,R01,R01_十分位1,等価年間収入額,21401,世帯主への給付,千円,458,458,,AC22,22,AC,ESTAT-7153-1-2024,000040490416,data/raw/estat/000040490416.xlsx,3c039606b6dea33926d6fa7e7d711a1c18da490856e4812e2737c5544f34cc4c
2,R02,R02_十分位2,等価年間収入額,21401,世帯主への給付,千円,645,645,,AD22,22,AD,ESTAT-7153-1-2024,000040490416,data/raw/estat/000040490416.xlsx,3c039606b6dea33926d6fa7e7d711a1c18da490856e4812e2737c5544f34cc4c
3,R03,R03_十分位3,等価年間収入額,21401,世帯主への給付,千円,651,651,,AE22,22,AE,ESTAT-7153-1-2024,000040490416,data/raw/estat/000040490416.xlsx,3c039606b6dea33926d6fa7e7d711a1c18da490856e4812e2737c5544f34cc4c
4,R04,R04_十分位4,等価年間収入額,21401,世帯主への給付,千円,560,560,,AF22,22,AF,ESTAT-7153-1-2024,000040490416,data/raw/estat/000040490416.xlsx,3c039606b6dea33926d6fa7e7d711a1c18da490856e4812e2737c5544f34cc4c
5,R05,R05_十分位5,等価年間収入額,21401,世帯主への給付,千円,445,445,,AG22,22,AG,ESTAT-7153-1-2024,000040490416,data/raw/estat/000040490416.xlsx,3c039606b6dea33926d6fa7e7d711a1c18da490856e4812e2737c5544f34cc4c
6,R06,R06_十分位6,等価年間収入額,21401,世帯主への給付,千円,363,363,,AH22,22,AH,ESTAT-7153-1-2024,000040490416,data/raw/estat/000040490416.xlsx,3c039606b6dea33926d6fa7e7d711a1c18da490856e4812e2737c5544f34cc4c
7,R07,R07_十分位7,等価年間収入額,21401,世帯主への給付,千円,320,320,,AI22,22,AI,ESTAT-7153-1-2024,000040490416,data/raw/estat/000040490416.xlsx,3c039606b6dea33926d6fa7e7d711a1c18da490856e4812e2737c5544f34cc4c
8,R08,R08_十分位8,等価年間収入額,21401,世帯主への給付,千円,305,305,,AJ22,22,AJ,ESTAT-7153-1-2024,000040490416,data/raw/estat/000040490416.xlsx,3c039606b6dea33926d6fa7e7d711a1c18da490856e4812e2737c5544f34cc4c
9,R09,R09_十分位9,等価年間収入額,21401,世帯主への給付,千円,263,263,,AK22,22,AK,ESTAT-7153-1-2024,000040490416,data/raw/estat/000040490416.xlsx,3c039606b6dea33926d6fa7e7d711a1c18da490856e4812e2737c5544f34cc4c
10,R10,R10_十分位10,等価年間収入額,21401,世帯主への給付,千円,227,227,,AL22,22,AL,ESTAT-7153-1-2024,000040490416,data/raw/estat/000040490416.xlsx,3c039606b6dea33926d6fa7e7d711a1c18da490856e4812e2737c5544f34cc4c
1,R01,R01_十分位1,等価年間収入額,21402,世帯主の配偶者への給付,千円,77,77,,AC23,23,AC,ESTAT-7153-1-2024,000040490416,data/raw/estat/000040490416.xlsx,3c039606b6dea33926d6fa7e7d711a1c18da490856e4812e2737c5544f34cc4c
2,R02,R02_十分位2,等価年間収入額,21402,世帯主の配偶者への給付,千円,141,141,,AD23,23,AD,ESTAT-7153-1-2024,000040490416,data/raw/estat/000040490416.xlsx,3c039606b6dea33926d6fa7e7d711a1c18da490856e4812e2737c5544f34cc4c
3,R03,R03_十分位3,等価年間収入額,21402,世帯主の配偶者への給付,千円,170,170,,AE23,23,AE,ESTAT-7153-1-2024,000040490416,data/raw/estat/000040490416.xlsx,3c039606b6dea33926d6fa7e7d711a1c18da490856e4812e2737c5544f34cc4c
4,R04,R04_十分位4,等価年間収入額,21402,世帯主の配偶者への給付,千円,151,151,,AF23,23,AF,ESTAT-7153-1-2024,000040490416,data/raw/estat/000040490416.xlsx,3c039606b6dea33926d6fa7e7d711a1c18da490856e4812e2737c5544f34cc4c
5,R05,R05_十分位5,等価年間収入額,21402,世帯主の配偶者への給付,千円,139,139,,AG23,23,AG,ESTAT-7153-1-2024,000040490416,data/raw/estat/000040490416.xlsx,3c039606b6dea33926d6fa7e7d711a1c18da490856e4812e2737c5544f34cc4c
6,R06,R06_十分位6,等価年間収入額,21402,世帯主の配偶者への給付,千円,128,128,,AH23,23,AH,ESTAT-7153-1-2024,000040490416,data/raw/estat/000040490416.xlsx,3c039606b6dea33926d6fa7e7d711a1c18da490856e4812e2737c5544f34cc4c
7,R07,R07_十分位7,等価年間収入額,21402,世帯主の配偶者への給付,千円,105,105,,AI23,23,AI,ESTAT-7153-1-2024,000040490416,data/raw/estat/000040490416.xlsx,3c039606b6dea33926d6fa7e7d711a1c18da490856e4812e2737c5544f34cc4c
8,R08,R08_十分位8,等価年間収入額,21402,世帯主の配偶者への給付,千円,114,114,,AJ23,23,AJ,ESTAT-7153-1-2024,000040490416,data/raw/estat/000040490416.xlsx,3c039606b6dea33926d6fa7e7d711a1c18da490856e4812e2737c5544f34cc4c
9,R09,R09_十分位9,等価年間収入額,21402,世帯主の配偶者への給付,千円,93,93,,AK23,23,AK,ESTAT-7153-1-2024,000040490416,data/raw/estat/000040490416.xlsx,3c039606b6dea33926d6fa7e7d711a1c18da490856e4812e2737c5544f34cc4c
10,R10,R10_十分位10,等価年間収入額,21402,世帯主の配偶者への給付,千円,96,96,,AL23,23,AL,ESTAT-7153-1-2024,000040490416,data/raw/estat/000040490416.xlsx,3c039606b6dea33926d6fa7e7d711a1c18da490856e4812e2737c5544f34cc4c
1,R01,R01_十分位1,等価年間収入額,21403,他の世帯員への給付,千円,22,22,,AC24,24,AC,ESTAT-7153-1-2024,000040490416,data/raw/estat/000040490416.xlsx,3c039606b6dea33926d6fa7e7d711a1c18da490856e4812e2737c5544f34cc4c
2,R02,R02_十分位2,等価年間収入額,21403,他の世帯員への給付,千円,32,32,,AD24,24,AD,ESTAT-7153-1-2024,000040490416,data/raw/estat/000040490416.xlsx,3c039606b6dea33926d6fa7e7d711a1c18da490856e4812e2737c5544f34cc4c
3,R03,R03_十分位3,等価年間収入額,21403,他の世帯員への給付,千円,43,43,,AE24,24,AE,ESTAT-7153-1-2024,000040490416,data/raw/estat/000040490416.xlsx,3c039606b6dea33926d6fa7e7d711a1c18da490856e4812e2737c5544f34cc4c
4,R04,R04_十分位4,等価年間収入額,21403,他の世帯員への給付,千円,47,47,,AF24,24,AF,ESTAT-7153-1-2024,000040490416,data/raw/estat/000040490416.xlsx,3c039606b6dea33926d6fa7e7d711a1c18da490856e4812e2737c5544f34cc4c
5,R05,R05_十分位5,等価年間収入額,21403,他の世帯員への給付,千円,53,53,,AG24,24,AG,ESTAT-7153-1-2024,000040490416,data/raw/estat/000040490416.xlsx,3c039606b6dea33926d6fa7e7d711a1c18da490856e4812e2737c5544f34cc4c
6,R06,R06_十分位6,等価年間収入額,21403,他の世帯員への給付,千円,64,64,,AH24,24,AH,ESTAT-7153-1-2024,000040490416,data/raw/estat/000040490416.xlsx,3c039606b6dea33926d6fa7e7d711a1c18da490856e4812e2737c5544f34cc4c
7,R07,R07_十分位7,等価年間収入額,21403,他の世帯員への給付,千円,60,60,,AI24,24,AI,ESTAT-7153-1-2024,000040490416,data/raw/estat/000040490416.xlsx,3c039606b6dea33926d6fa7e7d711a1c18da490856e4812e2737c5544f34cc4c
8,R08,R08_十分位8,等価年間収入額,21403,他の世帯員への給付,千円,76,76,,AJ24,24,AJ,ESTAT-7153-1-2024,000040490416,data/raw/estat/000040490416.xlsx,3c039606b6dea33926d6fa7e7d711a1c18da490856e4812e2737c5544f34cc4c
9,R09,R09_十分位9,等価年間収入額,21403,他の世帯員への給付,千円,86,86,,AK24,24,AK,ESTAT-7153-1-2024,000040490416,data/raw/estat/000040490416.xlsx,3c039606b6dea33926d6fa7e7d711a1c18da490856e4812e2737c5544f34cc4c
10,R10,R10_十分位10,等価年間収入額,21403,他の世帯員への給付,千円,67,67,,AL24,24,AL,ESTAT-7153-1-2024,000040490416,data/raw/estat/000040490416.xlsx,3c039606b6dea33926d6fa7e7d711a1c18da490856e4812e2737c5544f34cc4c
1,R01,R01_十分位1,等価年間収入額,215,社会保障給付金（公的年金・恩給以外）,千円,107,107,,AC25,25,AC,ESTAT-7153-1-2024,000040490416,data/raw/estat/000040490416.xlsx,3c039606b6dea33926d6fa7e7d711a1c18da490856e4812e2737c5544f34cc4c
2,R02,R02_十分位2,等価年間収入額,215,社会保障給付金（公的年金・恩給以外）,千円,66,66,,AD25,25,AD,ESTAT-7153-1-2024,000040490416,data/raw/estat/000040490416.xlsx,3c039606b6dea33926d6fa7e7d711a1c18da490856e4812e2737c5544f34cc4c
3,R03,R03_十分位3,等価年間収入額,215,社会保障給付金（公的年金・恩給以外）,千円,62,62,,AE25,25,AE,ESTAT-7153-1-2024,000040490416,data/raw/estat/000040490416.xlsx,3c039606b6dea33926d6fa7e7d711a1c18da490856e4812e2737c5544f34cc4c
4,R04,R04_十分位4,等価年間収入額,215,社会保障給付金（公的年金・恩給以外）,千円,64,64,,AF25,25,AF,ESTAT-7153-1-2024,000040490416,data/raw/estat/000040490416.xlsx,3c039606b6dea33926d6fa7e7d711a1c18da490856e4812e2737c5544f34cc4c
5,R05,R05_十分位5,等価年間収入額,215,社会保障給付金（公的年金・恩給以外）,千円,63,63,,AG25,25,AG,ESTAT-7153-1-2024,000040490416,data/raw/estat/000040490416.xlsx,3c039606b6dea33926d6fa7e7d711a1c18da490856e4812e2737c5544f34cc4c
6,R06,R06_十分位6,等価年間収入額,215,社会保障給付金（公的年金・恩給以外）,千円,64,64,,AH25,25,AH,ESTAT-7153-1-2024,000040490416,data/raw/estat/000040490416.xlsx,3c039606b6dea33926d6fa7e7d711a1c18da490856e4812e2737c5544f34cc4c
7,R07,R07_十分位7,等価年間収入額,215,社会保障給付金（公的年金・恩給以外）,千円,73,73,,AI25,25,AI,ESTAT-7153-1-2024,000040490416,data/raw/estat/000040490416.xlsx,3c039606b6dea33926d6fa7e7d711a1c18da490856e4812e2737c5544f34cc4c
8,R08,R08_十分位8,等価年間収入額,215,社会保障給付金（公的年金・恩給以外）,千円,55,55,,AJ25,25,AJ,ESTAT-7153-1-2024,000040490416,data/raw/estat/000040490416.xlsx,3c039606b6dea33926d6fa7e7d711a1c18da490856e4812e2737c5544f34cc4c
9,R09,R09_十分位9,等価年間収入額,215,社会保障給付金（公的年金・恩給以外）,千円,50,50,,AK25,25,AK,ESTAT-7153-1-2024,000040490416,data/raw/estat/000040490416.xlsx,3c039606b6dea33926d6fa7e7d711a1c18da490856e4812e2737c5544f34cc4c
10,R10,R10_十分位10,等価年間収入額,215,社会保障給付金（公的年金・恩給以外）,千円,37,37,,AL25,25,AL,ESTAT-7153-1-2024,000040490416,data/raw/estat/000040490416.xlsx,3c039606b6dea33926d6fa7e7d711a1c18da490856e4812e2737c5544f34cc4c
1,R01,R01_十分位1,等価年間収入額,216,企業年金・個人年金給付,千円,51,51,,AC26,26,AC,ESTAT-7153-1-2024,000040490416,data/raw/estat/000040490416.xlsx,3c039606b6dea33926d6fa7e7d711a1c18da490856e4812e2737c5544f34cc4c
2,R02,R02_十分位2,等価年間収入額,216,企業年金・個人年金給付,千円,67,67,,AD26,26,AD,ESTAT-7153-1-2024,000040490416,data/raw/estat/000040490416.xlsx,3c039606b6dea33926d6fa7e7d711a1c18da490856e4812e2737c5544f34cc4c
3,R03,R03_十分位3,等価年間収入額,216,企業年金・個人年金給付,千円,66,66,,AE26,26,AE,ESTAT-7153-1-2024,000040490416,data/raw/estat/000040490416.xlsx,3c039606b6dea33926d6fa7e7d711a1c18da490856e4812e2737c5544f34cc4c
4,R04,R04_十分位4,等価年間収入額,216,企業年金・個人年金給付,千円,77,77,,AF26,26,AF,ESTAT-7153-1-2024,000040490416,data/raw/estat/000040490416.xlsx,3c039606b6dea33926d6fa7e7d711a1c18da490856e4812e2737c5544f34cc4c
5,R05,R05_十分位5,等価年間収入額,216,企業年金・個人年金給付,千円,90,90,,AG26,26,AG,ESTAT-7153-1-2024,000040490416,data/raw/estat/000040490416.xlsx,3c039606b6dea33926d6fa7e7d711a1c18da490856e4812e2737c5544f34cc4c
6,R06,R06_十分位6,等価年間収入額,216,企業年金・個人年金給付,千円,89,89,,AH26,26,AH,ESTAT-7153-1-2024,000040490416,data/raw/estat/000040490416.xlsx,3c039606b6dea33926d6fa7e7d711a1c18da490856e4812e2737c5544f34cc4c
7,R07,R07_十分位7,等価年間収入額,216,企業年金・個人年金給付,千円,93,93,,AI26,26,AI,ESTAT-7153-1-2024,000040490416,data/raw/estat/000040490416.xlsx,3c039606b6dea33926d6fa7e7d711a1c18da490856e4812e2737c5544f34cc4c
8,R08,R08_十分位8,等価年間収入額,216,企業年金・個人年金給付,千円,103,103,,AJ26,26,AJ,ESTAT-7153-1-2024,000040490416,data/raw/estat/000040490416.xlsx,3c039606b6dea33926d6fa7e7d711a1c18da490856e4812e2737c5544f34cc4c
9,R09,R09_十分位9,等価年間収入額,216,企業年金・個人年金給付,千円,108,108,,AK26,26,AK,ESTAT-7153-1-2024,000040490416,data/raw/estat/000040490416.xlsx,3c039606b6dea33926d6fa7e7d711a1c18da490856e4812e2737c5544f34cc4c
10,R10,R10_十分位10,等価年間収入額,216,企業年金・個人年金給付,千円,126,126,,AL26,26,AL,ESTAT-7153-1-2024,000040490416,data/raw/estat/000040490416.xlsx,3c039606b6dea33926d6fa7e7d711a1c18da490856e4812e2737c5544f34cc4c
1,R01,R01_十分位1,等価年間収入額,21601,世帯主への給付,千円,42,42,,AC27,27,AC,ESTAT-7153-1-2024,000040490416,data/raw/estat/000040490416.xlsx,3c039606b6dea33926d6fa7e7d711a1c18da490856e4812e2737c5544f34cc4c
2,R02,R02_十分位2,等価年間収入額,21601,世帯主への給付,千円,54,54,,AD27,27,AD,ESTAT-7153-1-2024,000040490416,data/raw/estat/000040490416.xlsx,3c039606b6dea33926d6fa7e7d711a1c18da490856e4812e2737c5544f34cc4c
3,R03,R03_十分位3,等価年間収入額,21601,世帯主への給付,千円,55,55,,AE27,27,AE,ESTAT-7153-1-2024,000040490416,data/raw/estat/000040490416.xlsx,3c039606b6dea33926d6fa7e7d711a1c18da490856e4812e2737c5544f34cc4c
4,R04,R04_十分位4,等価年間収入額,21601,世帯主への給付,千円,62,62,,AF27,27,AF,ESTAT-7153-1-2024,000040490416,data/raw/estat/000040490416.xlsx,3c039606b6dea33926d6fa7e7d711a1c18da490856e4812e2737c5544f34cc4c
5,R05,R05_十分位5,等価年間収入額,21601,世帯主への給付,千円,74,74,,AG27,27,AG,ESTAT-7153-1-2024,000040490416,data/raw/estat/000040490416.xlsx,3c039606b6dea33926d6fa7e7d711a1c18da490856e4812e2737c5544f34cc4c
6,R06,R06_十分位6,等価年間収入額,21601,世帯主への給付,千円,72,72,,AH27,27,AH,ESTAT-7153-1-2024,000040490416,data/raw/estat/000040490416.xlsx,3c039606b6dea33926d6fa7e7d711a1c18da490856e4812e2737c5544f34cc4c
7,R07,R07_十分位7,等価年間収入額,21601,世帯主への給付,千円,74,74,,AI27,27,AI,ESTAT-7153-1-2024,000040490416,data/raw/estat/000040490416.xlsx,3c039606b6dea33926d6fa7e7d711a1c18da490856e4812e2737c5544f34cc4c
8,R08,R08_十分位8,等価年間収入額,21601,世帯主への給付,千円,79,79,,AJ27,27,AJ,ESTAT-7153-1-2024,000040490416,data/raw/estat/000040490416.xlsx,3c039606b6dea33926d6fa7e7d711a1c18da490856e4812e2737c5544f34cc4c
9,R09,R09_十分位9,等価年間収入額,21601,世帯主への給付,千円,82,82,,AK27,27,AK,ESTAT-7153-1-2024,000040490416,data/raw/estat/000040490416.xlsx,3c039606b6dea33926d6fa7e7d711a1c18da490856e4812e2737c5544f34cc4c
10,R10,R10_十分位10,等価年間収入額,21601,世帯主への給付,千円,97,97,,AL27,27,AL,ESTAT-7153-1-2024,000040490416,data/raw/estat/000040490416.xlsx,3c039606b6dea33926d6fa7e7d711a1c18da490856e4812e2737c5544f34cc4c
1,R01,R01_十分位1,等価年間収入額,21602,世帯主の配偶者への給付,千円,8,8,,AC28,28,AC,ESTAT-7153-1-2024,000040490416,data/raw/estat/000040490416.xlsx,3c039606b6dea33926d6fa7e7d711a1c18da490856e4812e2737c5544f34cc4c
2,R02,R02_十分位2,等価年間収入額,21602,世帯主の配偶者への給付,千円,10,10,,AD28,28,AD,ESTAT-7153-1-2024,000040490416,data/raw/estat/000040490416.xlsx,3c039606b6dea33926d6fa7e7d711a1c18da490856e4812e2737c5544f34cc4c
3,R03,R03_十分位3,等価年間収入額,21602,世帯主の配偶者への給付,千円,9,9,,AE28,28,AE,ESTAT-7153-1-2024,000040490416,data/raw/estat/000040490416.xlsx,3c039606b6dea33926d6fa7e7d711a1c18da490856e4812e2737c5544f34cc4c
4,R04,R04_十分位4,等価年間収入額,21602,世帯主の配偶者への給付,千円,10,10,,AF28,28,AF,ESTAT-7153-1-2024,000040490416,data/raw/estat/000040490416.xlsx,3c039606b6dea33926d6fa7e7d711a1c18da490856e4812e2737c5544f34cc4c
5,R05,R05_十分位5,等価年間収入額,21602,世帯主の配偶者への給付,千円,14,14,,AG28,28,AG,ESTAT-7153-1-2024,000040490416,data/raw/estat/000040490416.xlsx,3c039606b6dea33926d6fa7e7d711a1c18da490856e4812e2737c5544f34cc4c
6,R06,R06_十分位6,等価年間収入額,21602,世帯主の配偶者への給付,千円,13,13,,AH28,28,AH,ESTAT-7153-1-2024,000040490416,data/raw/estat/000040490416.xlsx,3c039606b6dea33926d6fa7e7d711a1c18da490856e4812e2737c5544f34cc4c
7,R07,R07_十分位7,等価年間収入額,21602,世帯主の配偶者への給付,千円,15,15,,AI28,28,AI,ESTAT-7153-1-2024,000040490416,data/raw/estat/000040490416.xlsx,3c039606b6dea33926d6fa7e7d711a1c18da490856e4812e2737c5544f34cc4c
8,R08,R08_十分位8,等価年間収入額,21602,世帯主の配偶者への給付,千円,18,18,,AJ28,28,AJ,ESTAT-7153-1-2024,000040490416,data/raw/estat/000040490416.xlsx,3c039606b6dea33926d6fa7e7d711a1c18da490856e4812e2737c5544f34cc4c
9,R09,R09_十分位9,等価年間収入額,21602,世帯主の配偶者への給付,千円,18,18,,AK28,28,AK,ESTAT-7153-1-2024,000040490416,data/raw/estat/000040490416.xlsx,3c039606b6dea33926d6fa7e7d711a1c18da490856e4812e2737c5544f34cc4c
10,R10,R10_十分位10,等価年間収入額,21602,世帯主の配偶者への給付,千円,22,22,,AL28,28,AL,ESTAT-7153-1-2024,000040490416,data/raw/estat/000040490416.xlsx,3c039606b6dea33926d6fa7e7d711a1c18da490856e4812e2737c5544f34cc4c
1,R01,R01_十分位1,等価年間収入額,21603,他の世帯員への給付,千円,1,1,,AC29,29,AC,ESTAT-7153-1-2024,000040490416,data/raw/estat/000040490416.xlsx,3c039606b6dea33926d6fa7e7d711a1c18da490856e4812e2737c5544f34cc4c
2,R02,R02_十分位2,等価年間収入額,21603,他の世帯員への給付,千円,2,2,,AD29,29,AD,ESTAT-7153-1-2024,000040490416,data/raw/estat/000040490416.xlsx,3c039606b6dea33926d6fa7e7d711a1c18da490856e4812e2737c5544f34cc4c
3,R03,R03_十分位3,等価年間収入額,21603,他の世帯員への給付,千円,2,2,,AE29,29,AE,ESTAT-7153-1-2024,000040490416,data/raw/estat/000040490416.xlsx,3c039606b6dea33926d6fa7e7d711a1c18da490856e4812e2737c5544f34cc4c
4,R04,R04_十分位4,等価年間収入額,21603,他の世帯員への給付,千円,5,5,,AF29,29,AF,ESTAT-7153-1-2024,000040490416,data/raw/estat/000040490416.xlsx,3c039606b6dea33926d6fa7e7d711a1c18da490856e4812e2737c5544f34cc4c
5,R05,R05_十分位5,等価年間収入額,21603,他の世帯員への給付,千円,2,2,,AG29,29,AG,ESTAT-7153-1-2024,000040490416,data/raw/estat/000040490416.xlsx,3c039606b6dea33926d6fa7e7d711a1c18da490856e4812e2737c5544f34cc4c
6,R06,R06_十分位6,等価年間収入額,21603,他の世帯員への給付,千円,4,4,,AH29,29,AH,ESTAT-7153-1-2024,000040490416,data/raw/estat/000040490416.xlsx,3c039606b6dea33926d6fa7e7d711a1c18da490856e4812e2737c5544f34cc4c
7,R07,R07_十分位7,等価年間収入額,21603,他の世帯員への給付,千円,4,4,,AI29,29,AI,ESTAT-7153-1-2024,000040490416,data/raw/estat/000040490416.xlsx,3c039606b6dea33926d6fa7e7d711a1c18da490856e4812e2737c5544f34cc4c
8,R08,R08_十分位8,等価年間収入額,21603,他の世帯員への給付,千円,6,6,,AJ29,29,AJ,ESTAT-7153-1-2024,000040490416,data/raw/estat/000040490416.xlsx,3c039606b6dea33926d6fa7e7d711a1c18da490856e4812e2737c5544f34cc4c
9,R09,R09_十分位9,等価年間収入額,21603,他の世帯員への給付,千円,7,7,,AK29,29,AK,ESTAT-7153-1-2024,000040490416,data/raw/estat/000040490416.xlsx,3c039606b6dea33926d6fa7e7d711a1c18da490856e4812e2737c5544f34cc4c
10,R10,R10_十分位10,等価年間収入額,21603,他の世帯員への給付,千円,7,7,,AL29,29,AL,ESTAT-7153-1-2024,000040490416,data/raw/estat/000040490416.xlsx,3c039606b6dea33926d6fa7e7d711a1c18da490856e4812e2737c5544f34cc4c
1,R01,R01_十分位1,等価年間収入額,216R1,（再掲）企業年金給付,千円,15,15,,AC30,30,AC,ESTAT-7153-1-2024,000040490416,data/raw/estat/000040490416.xlsx,3c039606b6dea33926d6fa7e7d711a1c18da490856e4812e2737c5544f34cc4c
2,R02,R02_十分位2,等価年間収入額,216R1,（再掲）企業年金給付,千円,26,26,,AD30,30,AD,ESTAT-7153-1-2024,000040490416,data/raw/estat/000040490416.xlsx,3c039606b6dea33926d6fa7e7d711a1c18da490856e4812e2737c5544f34cc4c
3,R03,R03_十分位3,等価年間収入額,216R1,（再掲）企業年金給付,千円,31,31,,AE30,30,AE,ESTAT-7153-1-2024,000040490416,data/raw/estat/000040490416.xlsx,3c039606b6dea33926d6fa7e7d711a1c18da490856e4812e2737c5544f34cc4c
4,R04,R04_十分位4,等価年間収入額,216R1,（再掲）企業年金給付,千円,41,41,,AF30,30,AF,ESTAT-7153-1-2024,000040490416,data/raw/estat/000040490416.xlsx,3c039606b6dea33926d6fa7e7d711a1c18da490856e4812e2737c5544f34cc4c
5,R05,R05_十分位5,等価年間収入額,216R1,（再掲）企業年金給付,千円,46,46,,AG30,30,AG,ESTAT-7153-1-2024,000040490416,data/raw/estat/000040490416.xlsx,3c039606b6dea33926d6fa7e7d711a1c18da490856e4812e2737c5544f34cc4c
6,R06,R06_十分位6,等価年間収入額,216R1,（再掲）企業年金給付,千円,48,48,,AH30,30,AH,ESTAT-7153-1-2024,000040490416,data/raw/estat/000040490416.xlsx,3c039606b6dea33926d6fa7e7d711a1c18da490856e4812e2737c5544f34cc4c
7,R07,R07_十分位7,等価年間収入額,216R1,（再掲）企業年金給付,千円,51,51,,AI30,30,AI,ESTAT-7153-1-2024,000040490416,data/raw/estat/000040490416.xlsx,3c039606b6dea33926d6fa7e7d711a1c18da490856e4812e2737c5544f34cc4c
8,R08,R08_十分位8,等価年間収入額,216R1,（再掲）企業年金給付,千円,49,49,,AJ30,30,AJ,ESTAT-7153-1-2024,000040490416,data/raw/estat/000040490416.xlsx,3c039606b6dea33926d6fa7e7d711a1c18da490856e4812e2737c5544f34cc4c
9,R09,R09_十分位9,等価年間収入額,216R1,（再掲）企業年金給付,千円,46,46,,AK30,30,AK,ESTAT-7153-1-2024,000040490416,data/raw/estat/000040490416.xlsx,3c039606b6dea33926d6fa7e7d711a1c18da490856e4812e2737c5544f34cc4c
10,R10,R10_十分位10,等価年間収入額,216R1,（再掲）企業年金給付,千円,50,50,,AL30,30,AL,ESTAT-7153-1-2024,000040490416,data/raw/estat/000040490416.xlsx,3c039606b6dea33926d6fa7e7d711a1c18da490856e4812e2737c5544f34cc4c
1,R01,R01_十分位1,等価年間収入額,216R2,（再掲）個人年金給付,千円,36,36,,AC31,31,AC,ESTAT-7153-1-2024,000040490416,data/raw/estat/000040490416.xlsx,3c039606b6dea33926d6fa7e7d711a1c18da490856e4812e2737c5544f34cc4c
2,R02,R02_十分位2,等価年間収入額,216R2,（再掲）個人年金給付,千円,41,41,,AD31,31,AD,ESTAT-7153-1-2024,000040490416,data/raw/estat/000040490416.xlsx,3c039606b6dea33926d6fa7e7d711a1c18da490856e4812e2737c5544f34cc4c
3,R03,R03_十分位3,等価年間収入額,216R2,（再掲）個人年金給付,千円,36,36,,AE31,31,AE,ESTAT-7153-1-2024,000040490416,data/raw/estat/000040490416.xlsx,3c039606b6dea33926d6fa7e7d711a1c18da490856e4812e2737c5544f34cc4c
4,R04,R04_十分位4,等価年間収入額,216R2,（再掲）個人年金給付,千円,36,36,,AF31,31,AF,ESTAT-7153-1-2024,000040490416,data/raw/estat/000040490416.xlsx,3c039606b6dea33926d6fa7e7d711a1c18da490856e4812e2737c5544f34cc4c
5,R05,R05_十分位5,等価年間収入額,216R2,（再掲）個人年金給付,千円,44,44,,AG31,31,AG,ESTAT-7153-1-2024,000040490416,data/raw/estat/000040490416.xlsx,3c039606b6dea33926d6fa7e7d711a1c18da490856e4812e2737c5544f34cc4c
6,R06,R06_十分位6,等価年間収入額,216R2,（再掲）個人年金給付,千円,41,41,,AH31,31,AH,ESTAT-7153-1-2024,000040490416,data/raw/estat/000040490416.xlsx,3c039606b6dea33926d6fa7e7d711a1c18da490856e4812e2737c5544f34cc4c
7,R07,R07_十分位7,等価年間収入額,216R2,（再掲）個人年金給付,千円,43,43,,AI31,31,AI,ESTAT-7153-1-2024,000040490416,data/raw/estat/000040490416.xlsx,3c039606b6dea33926d6fa7e7d711a1c18da490856e4812e2737c5544f34cc4c
8,R08,R08_十分位8,等価年間収入額,216R2,（再掲）個人年金給付,千円,54,54,,AJ31,31,AJ,ESTAT-7153-1-2024,000040490416,data/raw/estat/000040490416.xlsx,3c039606b6dea33926d6fa7e7d711a1c18da490856e4812e2737c5544f34cc4c
9,R09,R09_十分位9,等価年間収入額,216R2,（再掲）個人年金給付,千円,61,61,,AK31,31,AK,ESTAT-7153-1-2024,000040490416,data/raw/estat/000040490416.xlsx,3c039606b6dea33926d6fa7e7d711a1c18da490856e4812e2737c5544f34cc4c
10,R10,R10_十分位10,等価年間収入額,216R2,（再掲）個人年金給付,千円,76,76,,AL31,31,AL,ESTAT-7153-1-2024,000040490416,data/raw/estat/000040490416.xlsx,3c039606b6dea33926d6fa7e7d711a1c18da490856e4812e2737c5544f34cc4c
1,R01,R01_十分位1,等価年間収入額,217,仕送り金,千円,20,20,,AC32,32,AC,ESTAT-7153-1-2024,000040490416,data/raw/estat/000040490416.xlsx,3c039606b6dea33926d6fa7e7d711a1c18da490856e4812e2737c5544f34cc4c
2,R02,R02_十分位2,等価年間収入額,217,仕送り金,千円,15,15,,AD32,32,AD,ESTAT-7153-1-2024,000040490416,data/raw/estat/000040490416.xlsx,3c039606b6dea33926d6fa7e7d711a1c18da490856e4812e2737c5544f34cc4c
3,R03,R03_十分位3,等価年間収入額,217,仕送り金,千円,12,12,,AE32,32,AE,ESTAT-7153-1-2024,000040490416,data/raw/estat/000040490416.xlsx,3c039606b6dea33926d6fa7e7d711a1c18da490856e4812e2737c5544f34cc4c
4,R04,R04_十分位4,等価年間収入額,217,仕送り金,千円,11,11,,AF32,32,AF,ESTAT-7153-1-2024,000040490416,data/raw/estat/000040490416.xlsx,3c039606b6dea33926d6fa7e7d711a1c18da490856e4812e2737c5544f34cc4c
5,R05,R05_十分位5,等価年間収入額,217,仕送り金,千円,11,11,,AG32,32,AG,ESTAT-7153-1-2024,000040490416,data/raw/estat/000040490416.xlsx,3c039606b6dea33926d6fa7e7d711a1c18da490856e4812e2737c5544f34cc4c
6,R06,R06_十分位6,等価年間収入額,217,仕送り金,千円,12,12,,AH32,32,AH,ESTAT-7153-1-2024,000040490416,data/raw/estat/000040490416.xlsx,3c039606b6dea33926d6fa7e7d711a1c18da490856e4812e2737c5544f34cc4c
7,R07,R07_十分位7,等価年間収入額,217,仕送り金,千円,10,10,,AI32,32,AI,ESTAT-7153-1-2024,000040490416,data/raw/estat/000040490416.xlsx,3c039606b6dea33926d6fa7e7d711a1c18da490856e4812e2737c5544f34cc4c
8,R08,R08_十分位8,等価年間収入額,217,仕送り金,千円,20,20,,AJ32,32,AJ,ESTAT-7153-1-2024,000040490416,data/raw/estat/000040490416.xlsx,3c039606b6dea33926d6fa7e7d711a1c18da490856e4812e2737c5544f34cc4c
9,R09,R09_十分位9,等価年間収入額,217,仕送り金,千円,19,19,,AK32,32,AK,ESTAT-7153-1-2024,000040490416,data/raw/estat/000040490416.xlsx,3c039606b6dea33926d6fa7e7d711a1c18da490856e4812e2737c5544f34cc4c
10,R10,R10_十分位10,等価年間収入額,217,仕送り金,千円,50,50,,AL32,32,AL,ESTAT-7153-1-2024,000040490416,data/raw/estat/000040490416.xlsx,3c039606b6dea33926d6fa7e7d711a1c18da490856e4812e2737c5544f34cc4c
1,R01,R01_十分位1,等価年間収入額,218,その他の収入,千円,4,4,,AC33,33,AC,ESTAT-7153-1-2024,000040490416,data/raw/estat/000040490416.xlsx,3c039606b6dea33926d6fa7e7d711a1c18da490856e4812e2737c5544f34cc4c
2,R02,R02_十分位2,等価年間収入額,218,その他の収入,千円,3,3,,AD33,33,AD,ESTAT-7153-1-2024,000040490416,data/raw/estat/000040490416.xlsx,3c039606b6dea33926d6fa7e7d711a1c18da490856e4812e2737c5544f34cc4c
3,R03,R03_十分位3,等価年間収入額,218,その他の収入,千円,3,3,,AE33,33,AE,ESTAT-7153-1-2024,000040490416,data/raw/estat/000040490416.xlsx,3c039606b6dea33926d6fa7e7d711a1c18da490856e4812e2737c5544f34cc4c
4,R04,R04_十分位4,等価年間収入額,218,その他の収入,千円,3,3,,AF33,33,AF,ESTAT-7153-1-2024,000040490416,data/raw/estat/000040490416.xlsx,3c039606b6dea33926d6fa7e7d711a1c18da490856e4812e2737c5544f34cc4c
5,R05,R05_十分位5,等価年間収入額,218,その他の収入,千円,3,3,,AG33,33,AG,ESTAT-7153-1-2024,000040490416,data/raw/estat/000040490416.xlsx,3c039606b6dea33926d6fa7e7d711a1c18da490856e4812e2737c5544f34cc4c
6,R06,R06_十分位6,等価年間収入額,218,その他の収入,千円,5,5,,AH33,33,AH,ESTAT-7153-1-2024,000040490416,data/raw/estat/000040490416.xlsx,3c039606b6dea33926d6fa7e7d711a1c18da490856e4812e2737c5544f34cc4c
7,R07,R07_十分位7,等価年間収入額,218,その他の収入,千円,5,5,,AI33,33,AI,ESTAT-7153-1-2024,000040490416,data/raw/estat/000040490416.xlsx,3c039606b6dea33926d6fa7e7d711a1c18da490856e4812e2737c5544f34cc4c
8,R08,R08_十分位8,等価年間収入額,218,その他の収入,千円,6,6,,AJ33,33,AJ,ESTAT-7153-1-2024,000040490416,data/raw/estat/000040490416.xlsx,3c039606b6dea33926d6fa7e7d711a1c18da490856e4812e2737c5544f34cc4c
9,R09,R09_十分位9,等価年間収入額,218,その他の収入,千円,7,7,,AK33,33,AK,ESTAT-7153-1-2024,000040490416,data/raw/estat/000040490416.xlsx,3c039606b6dea33926d6fa7e7d711a1c18da490856e4812e2737c5544f34cc4c
10,R10,R10_十分位10,等価年間収入額,218,その他の収入,千円,27,27,,AL33,33,AL,ESTAT-7153-1-2024,000040490416,data/raw/estat/000040490416.xlsx,3c039606b6dea33926d6fa7e7d711a1c18da490856e4812e2737c5544f34cc4c
1,R01,R01_十分位1,等価年間収入額,22,現物収入,千円,3,3,,AC34,34,AC,ESTAT-7153-1-2024,000040490416,data/raw/estat/000040490416.xlsx,3c039606b6dea33926d6fa7e7d711a1c18da490856e4812e2737c5544f34cc4c
2,R02,R02_十分位2,等価年間収入額,22,現物収入,千円,3,3,,AD34,34,AD,ESTAT-7153-1-2024,000040490416,data/raw/estat/000040490416.xlsx,3c039606b6dea33926d6fa7e7d711a1c18da490856e4812e2737c5544f34cc4c
3,R03,R03_十分位3,等価年間収入額,22,現物収入,千円,4,4,,AE34,34,AE,ESTAT-7153-1-2024,000040490416,data/raw/estat/000040490416.xlsx,3c039606b6dea33926d6fa7e7d711a1c18da490856e4812e2737c5544f34cc4c
4,R04,R04_十分位4,等価年間収入額,22,現物収入,千円,6,6,,AF34,34,AF,ESTAT-7153-1-2024,000040490416,data/raw/estat/000040490416.xlsx,3c039606b6dea33926d6fa7e7d711a1c18da490856e4812e2737c5544f34cc4c
5,R05,R05_十分位5,等価年間収入額,22,現物収入,千円,6,6,,AG34,34,AG,ESTAT-7153-1-2024,000040490416,data/raw/estat/000040490416.xlsx,3c039606b6dea33926d6fa7e7d711a1c18da490856e4812e2737c5544f34cc4c
6,R06,R06_十分位6,等価年間収入額,22,現物収入,千円,14,14,,AH34,34,AH,ESTAT-7153-1-2024,000040490416,data/raw/estat/000040490416.xlsx,3c039606b6dea33926d6fa7e7d711a1c18da490856e4812e2737c5544f34cc4c
7,R07,R07_十分位7,等価年間収入額,22,現物収入,千円,17,17,,AI34,34,AI,ESTAT-7153-1-2024,000040490416,data/raw/estat/000040490416.xlsx,3c039606b6dea33926d6fa7e7d711a1c18da490856e4812e2737c5544f34cc4c
8,R08,R08_十分位8,等価年間収入額,22,現物収入,千円,25,25,,AJ34,34,AJ,ESTAT-7153-1-2024,000040490416,data/raw/estat/000040490416.xlsx,3c039606b6dea33926d6fa7e7d711a1c18da490856e4812e2737c5544f34cc4c
9,R09,R09_十分位9,等価年間収入額,22,現物収入,千円,40,40,,AK34,34,AK,ESTAT-7153-1-2024,000040490416,data/raw/estat/000040490416.xlsx,3c039606b6dea33926d6fa7e7d711a1c18da490856e4812e2737c5544f34cc4c
10,R10,R10_十分位10,等価年間収入額,22,現物収入,千円,206,206,,AL34,34,AL,ESTAT-7153-1-2024,000040490416,data/raw/estat/000040490416.xlsx,3c039606b6dea33926d6fa7e7d711a1c18da490856e4812e2737c5544f34cc4c
1,R01,R01_十分位1,等価年間収入額,3,等価第一次所得（ＯＥＣＤ新基準準拠）,千円,555,555,,AC35,35,AC,ESTAT-7153-1-2024,000040490416,data/raw/estat/000040490416.xlsx,3c039606b6dea33926d6fa7e7d711a1c18da490856e4812e2737c5544f34cc4c
2,R02,R02_十分位2,等価年間収入額,3,等価第一次所得（ＯＥＣＤ新基準準拠）,千円,1133,1133,,AD35,35,AD,ESTAT-7153-1-2024,000040490416,data/raw/estat/000040490416.xlsx,3c039606b6dea33926d6fa7e7d711a1c18da490856e4812e2737c5544f34cc4c
3,R03,R03_十分位3,等価年間収入額,3,等価第一次所得（ＯＥＣＤ新基準準拠）,千円,1571,1571,,AE35,35,AE,ESTAT-7153-1-2024,000040490416,data/raw/estat/000040490416.xlsx,3c039606b6dea33926d6fa7e7d711a1c18da490856e4812e2737c5544f34cc4c
4,R04,R04_十分位4,等価年間収入額,3,等価第一次所得（ＯＥＣＤ新基準準拠）,千円,2126,2126,,AF35,35,AF,ESTAT-7153-1-2024,000040490416,data/raw/estat/000040490416.xlsx,3c039606b6dea33926d6fa7e7d711a1c18da490856e4812e2737c5544f34cc4c
5,R05,R05_十分位5,等価年間収入額,3,等価第一次所得（ＯＥＣＤ新基準準拠）,千円,2744,2744,,AG35,35,AG,ESTAT-7153-1-2024,000040490416,data/raw/estat/000040490416.xlsx,3c039606b6dea33926d6fa7e7d711a1c18da490856e4812e2737c5544f34cc4c
6,R06,R06_十分位6,等価年間収入額,3,等価第一次所得（ＯＥＣＤ新基準準拠）,千円,3331,3331,,AH35,35,AH,ESTAT-7153-1-2024,000040490416,data/raw/estat/000040490416.xlsx,3c039606b6dea33926d6fa7e7d711a1c18da490856e4812e2737c5544f34cc4c
7,R07,R07_十分位7,等価年間収入額,3,等価第一次所得（ＯＥＣＤ新基準準拠）,千円,3978,3978,,AI35,35,AI,ESTAT-7153-1-2024,000040490416,data/raw/estat/000040490416.xlsx,3c039606b6dea33926d6fa7e7d711a1c18da490856e4812e2737c5544f34cc4c
8,R08,R08_十分位8,等価年間収入額,3,等価第一次所得（ＯＥＣＤ新基準準拠）,千円,4692,4692,,AJ35,35,AJ,ESTAT-7153-1-2024,000040490416,data/raw/estat/000040490416.xlsx,3c039606b6dea33926d6fa7e7d711a1c18da490856e4812e2737c5544f34cc4c
9,R09,R09_十分位9,等価年間収入額,3,等価第一次所得（ＯＥＣＤ新基準準拠）,千円,5842,5842,,AK35,35,AK,ESTAT-7153-1-2024,000040490416,data/raw/estat/000040490416.xlsx,3c039606b6dea33926d6fa7e7d711a1c18da490856e4812e2737c5544f34cc4c
10,R10,R10_十分位10,等価年間収入額,3,等価第一次所得（ＯＥＣＤ新基準準拠）,千円,9725,9725,,AL35,35,AL,ESTAT-7153-1-2024,000040490416,data/raw/estat/000040490416.xlsx,3c039606b6dea33926d6fa7e7d711a1c18da490856e4812e2737c5544f34cc4c
1,R01,R01_十分位1,等価年間収入額,4,等価市場所得（ＯＥＣＤ新基準準拠）,千円,571,571,,AC36,36,AC,ESTAT-7153-1-2024,000040490416,data/raw/estat/000040490416.xlsx,3c039606b6dea33926d6fa7e7d711a1c18da490856e4812e2737c5544f34cc4c
2,R02,R02_十分位2,等価年間収入額,4,等価市場所得（ＯＥＣＤ新基準準拠）,千円,1159,1159,,AD36,36,AD,ESTAT-7153-1-2024,000040490416,data/raw/estat/000040490416.xlsx,3c039606b6dea33926d6fa7e7d711a1c18da490856e4812e2737c5544f34cc4c
3,R03,R03_十分位3,等価年間収入額,4,等価市場所得（ＯＥＣＤ新基準準拠）,千円,1601,1601,,AE36,36,AE,ESTAT-7153-1-2024,000040490416,data/raw/estat/000040490416.xlsx,3c039606b6dea33926d6fa7e7d711a1c18da490856e4812e2737c5544f34cc4c
4,R04,R04_十分位4,等価年間収入額,4,等価市場所得（ＯＥＣＤ新基準準拠）,千円,2167,2167,,AF36,36,AF,ESTAT-7153-1-2024,000040490416,data/raw/estat/000040490416.xlsx,3c039606b6dea33926d6fa7e7d711a1c18da490856e4812e2737c5544f34cc4c
5,R05,R05_十分位5,等価年間収入額,4,等価市場所得（ＯＥＣＤ新基準準拠）,千円,2790,2790,,AG36,36,AG,ESTAT-7153-1-2024,000040490416,data/raw/estat/000040490416.xlsx,3c039606b6dea33926d6fa7e7d711a1c18da490856e4812e2737c5544f34cc4c
6,R06,R06_十分位6,等価年間収入額,4,等価市場所得（ＯＥＣＤ新基準準拠）,千円,3379,3379,,AH36,36,AH,ESTAT-7153-1-2024,000040490416,data/raw/estat/000040490416.xlsx,3c039606b6dea33926d6fa7e7d711a1c18da490856e4812e2737c5544f34cc4c
7,R07,R07_十分位7,等価年間収入額,4,等価市場所得（ＯＥＣＤ新基準準拠）,千円,4029,4029,,AI36,36,AI,ESTAT-7153-1-2024,000040490416,data/raw/estat/000040490416.xlsx,3c039606b6dea33926d6fa7e7d711a1c18da490856e4812e2737c5544f34cc4c
8,R08,R08_十分位8,等価年間収入額,4,等価市場所得（ＯＥＣＤ新基準準拠）,千円,4741,4741,,AJ36,36,AJ,ESTAT-7153-1-2024,000040490416,data/raw/estat/000040490416.xlsx,3c039606b6dea33926d6fa7e7d711a1c18da490856e4812e2737c5544f34cc4c
9,R09,R09_十分位9,等価年間収入額,4,等価市場所得（ＯＥＣＤ新基準準拠）,千円,5889,5889,,AK36,36,AK,ESTAT-7153-1-2024,000040490416,data/raw/estat/000040490416.xlsx,3c039606b6dea33926d6fa7e7d711a1c18da490856e4812e2737c5544f34cc4c
10,R10,R10_十分位10,等価年間収入額,4,等価市場所得（ＯＥＣＤ新基準準拠）,千円,9775,9775,,AL36,36,AL,ESTAT-7153-1-2024,000040490416,data/raw/estat/000040490416.xlsx,3c039606b6dea33926d6fa7e7d711a1c18da490856e4812e2737c5544f34cc4c
1,R01,R01_十分位1,等価年間収入額,5,等価粗所得（ＯＥＣＤ新基準準拠）,千円,1230,1230,,AC37,37,AC,ESTAT-7153-1-2024,000040490416,data/raw/estat/000040490416.xlsx,3c039606b6dea33926d6fa7e7d711a1c18da490856e4812e2737c5544f34cc4c
2,R02,R02_十分位2,等価年間収入額,5,等価粗所得（ＯＥＣＤ新基準準拠）,千円,2034,2034,,AD37,37,AD,ESTAT-7153-1-2024,000040490416,data/raw/estat/000040490416.xlsx,3c039606b6dea33926d6fa7e7d711a1c18da490856e4812e2737c5544f34cc4c
3,R03,R03_十分位3,等価年間収入額,5,等価粗所得（ＯＥＣＤ新基準準拠）,千円,2515,2515,,AE37,37,AE,ESTAT-7153-1-2024,000040490416,data/raw/estat/000040490416.xlsx,3c039606b6dea33926d6fa7e7d711a1c18da490856e4812e2737c5544f34cc4c
4,R04,R04_十分位4,等価年間収入額,5,等価粗所得（ＯＥＣＤ新基準準拠）,千円,2973,2973,,AF37,37,AF,ESTAT-7153-1-2024,000040490416,data/raw/estat/000040490416.xlsx,3c039606b6dea33926d6fa7e7d711a1c18da490856e4812e2737c5544f34cc4c
5,R05,R05_十分位5,等価年間収入額,5,等価粗所得（ＯＥＣＤ新基準準拠）,千円,3470,3470,,AG37,37,AG,ESTAT-7153-1-2024,000040490416,data/raw/estat/000040490416.xlsx,3c039606b6dea33926d6fa7e7d711a1c18da490856e4812e2737c5544f34cc4c
6,R06,R06_十分位6,等価年間収入額,5,等価粗所得（ＯＥＣＤ新基準準拠）,千円,3977,3977,,AH37,37,AH,ESTAT-7153-1-2024,000040490416,data/raw/estat/000040490416.xlsx,3c039606b6dea33926d6fa7e7d711a1c18da490856e4812e2737c5544f34cc4c
7,R07,R07_十分位7,等価年間収入額,5,等価粗所得（ＯＥＣＤ新基準準拠）,千円,4556,4556,,AI37,37,AI,ESTAT-7153-1-2024,000040490416,data/raw/estat/000040490416.xlsx,3c039606b6dea33926d6fa7e7d711a1c18da490856e4812e2737c5544f34cc4c
8,R08,R08_十分位8,等価年間収入額,5,等価粗所得（ＯＥＣＤ新基準準拠）,千円,5263,5263,,AJ37,37,AJ,ESTAT-7153-1-2024,000040490416,data/raw/estat/000040490416.xlsx,3c039606b6dea33926d6fa7e7d711a1c18da490856e4812e2737c5544f34cc4c
9,R09,R09_十分位9,等価年間収入額,5,等価粗所得（ＯＥＣＤ新基準準拠）,千円,6343,6343,,AK37,37,AK,ESTAT-7153-1-2024,000040490416,data/raw/estat/000040490416.xlsx,3c039606b6dea33926d6fa7e7d711a1c18da490856e4812e2737c5544f34cc4c
10,R10,R10_十分位10,等価年間収入額,5,等価粗所得（ＯＥＣＤ新基準準拠）,千円,10155,10155,,AL37,37,AL,ESTAT-7153-1-2024,000040490416,data/raw/estat/000040490416.xlsx,3c039606b6dea33926d6fa7e7d711a1c18da490856e4812e2737c5544f34cc4c
1,R01,R01_十分位1,等価年間収入額,6,等価可処分所得（従来型算定）,千円,1035,1035,,AC38,38,AC,ESTAT-7153-1-2024,000040490416,data/raw/estat/000040490416.xlsx,3c039606b6dea33926d6fa7e7d711a1c18da490856e4812e2737c5544f34cc4c
2,R02,R02_十分位2,等価年間収入額,6,等価可処分所得（従来型算定）,千円,1790,1790,,AD38,38,AD,ESTAT-7153-1-2024,000040490416,data/raw/estat/000040490416.xlsx,3c039606b6dea33926d6fa7e7d711a1c18da490856e4812e2737c5544f34cc4c
3,R03,R03_十分位3,等価年間収入額,6,等価可処分所得（従来型算定）,千円,2205,2205,,AE38,38,AE,ESTAT-7153-1-2024,000040490416,data/raw/estat/000040490416.xlsx,3c039606b6dea33926d6fa7e7d711a1c18da490856e4812e2737c5544f34cc4c
4,R04,R04_十分位4,等価年間収入額,6,等価可処分所得（従来型算定）,千円,2575,2575,,AF38,38,AF,ESTAT-7153-1-2024,000040490416,data/raw/estat/000040490416.xlsx,3c039606b6dea33926d6fa7e7d711a1c18da490856e4812e2737c5544f34cc4c
5,R05,R05_十分位5,等価年間収入額,6,等価可処分所得（従来型算定）,千円,2958,2958,,AG38,38,AG,ESTAT-7153-1-2024,000040490416,data/raw/estat/000040490416.xlsx,3c039606b6dea33926d6fa7e7d711a1c18da490856e4812e2737c5544f34cc4c
6,R06,R06_十分位6,等価年間収入額,6,等価可処分所得（従来型算定）,千円,3338,3338,,AH38,38,AH,ESTAT-7153-1-2024,000040490416,data/raw/estat/000040490416.xlsx,3c039606b6dea33926d6fa7e7d711a1c18da490856e4812e2737c5544f34cc4c
7,R07,R07_十分位7,等価年間収入額,6,等価可処分所得（従来型算定）,千円,3767,3767,,AI38,38,AI,ESTAT-7153-1-2024,000040490416,data/raw/estat/000040490416.xlsx,3c039606b6dea33926d6fa7e7d711a1c18da490856e4812e2737c5544f34cc4c
8,R08,R08_十分位8,等価年間収入額,6,等価可処分所得（従来型算定）,千円,4282,4282,,AJ38,38,AJ,ESTAT-7153-1-2024,000040490416,data/raw/estat/000040490416.xlsx,3c039606b6dea33926d6fa7e7d711a1c18da490856e4812e2737c5544f34cc4c
9,R09,R09_十分位9,等価年間収入額,6,等価可処分所得（従来型算定）,千円,5075,5075,,AK38,38,AK,ESTAT-7153-1-2024,000040490416,data/raw/estat/000040490416.xlsx,3c039606b6dea33926d6fa7e7d711a1c18da490856e4812e2737c5544f34cc4c
10,R10,R10_十分位10,等価年間収入額,6,等価可処分所得（従来型算定）,千円,7492,7492,,AL38,38,AL,ESTAT-7153-1-2024,000040490416,data/raw/estat/000040490416.xlsx,3c039606b6dea33926d6fa7e7d711a1c18da490856e4812e2737c5544f34cc4c
1,R01,R01_十分位1,等価年間収入額,7,等価可処分所得（ＯＥＣＤ新基準準拠）,千円,959,959,,AC39,39,AC,ESTAT-7153-1-2024,000040490416,data/raw/estat/000040490416.xlsx,3c039606b6dea33926d6fa7e7d711a1c18da490856e4812e2737c5544f34cc4c
2,R02,R02_十分位2,等価年間収入額,7,等価可処分所得（ＯＥＣＤ新基準準拠）,千円,1701,1701,,AD39,39,AD,ESTAT-7153-1-2024,000040490416,data/raw/estat/000040490416.xlsx,3c039606b6dea33926d6fa7e7d711a1c18da490856e4812e2737c5544f34cc4c
3,R03,R03_十分位3,等価年間収入額,7,等価可処分所得（ＯＥＣＤ新基準準拠）,千円,2111,2111,,AE39,39,AE,ESTAT-7153-1-2024,000040490416,data/raw/estat/000040490416.xlsx,3c039606b6dea33926d6fa7e7d711a1c18da490856e4812e2737c5544f34cc4c
4,R04,R04_十分位4,等価年間収入額,7,等価可処分所得（ＯＥＣＤ新基準準拠）,千円,2469,2469,,AF39,39,AF,ESTAT-7153-1-2024,000040490416,data/raw/estat/000040490416.xlsx,3c039606b6dea33926d6fa7e7d711a1c18da490856e4812e2737c5544f34cc4c
5,R05,R05_十分位5,等価年間収入額,7,等価可処分所得（ＯＥＣＤ新基準準拠）,千円,2844,2844,,AG39,39,AG,ESTAT-7153-1-2024,000040490416,data/raw/estat/000040490416.xlsx,3c039606b6dea33926d6fa7e7d711a1c18da490856e4812e2737c5544f34cc4c
6,R06,R06_十分位6,等価年間収入額,7,等価可処分所得（ＯＥＣＤ新基準準拠）,千円,3223,3223,,AH39,39,AH,ESTAT-7153-1-2024,000040490416,data/raw/estat/000040490416.xlsx,3c039606b6dea33926d6fa7e7d711a1c18da490856e4812e2737c5544f34cc4c
7,R07,R07_十分位7,等価年間収入額,7,等価可処分所得（ＯＥＣＤ新基準準拠）,千円,3633,3633,,AI39,39,AI,ESTAT-7153-1-2024,000040490416,data/raw/estat/000040490416.xlsx,3c039606b6dea33926d6fa7e7d711a1c18da490856e4812e2737c5544f34cc4c
8,R08,R08_十分位8,等価年間収入額,7,等価可処分所得（ＯＥＣＤ新基準準拠）,千円,4147,4147,,AJ39,39,AJ,ESTAT-7153-1-2024,000040490416,data/raw/estat/000040490416.xlsx,3c039606b6dea33926d6fa7e7d711a1c18da490856e4812e2737c5544f34cc4c
9,R09,R09_十分位9,等価年間収入額,7,等価可処分所得（ＯＥＣＤ新基準準拠）,千円,4909,4909,,AK39,39,AK,ESTAT-7153-1-2024,000040490416,data/raw/estat/000040490416.xlsx,3c039606b6dea33926d6fa7e7d711a1c18da490856e4812e2737c5544f34cc4c
10,R10,R10_十分位10,等価年間収入額,7,等価可処分所得（ＯＥＣＤ新基準準拠）,千円,7245,7245,,AL39,39,AL,ESTAT-7153-1-2024,000040490416,data/raw/estat/000040490416.xlsx,3c039606b6dea33926d6fa7e7d711a1c18da490856e4812e2737c5544f34cc4c
1,R01,R01_十分位1,等価年間収入額,8,控除推計金額,千円,296,296,,AC40,40,AC,ESTAT-7153-1-2024,000040490416,data/raw/estat/000040490416.xlsx,3c039606b6dea33926d6fa7e7d711a1c18da490856e4812e2737c5544f34cc4c
2,R02,R02_十分位2,等価年間収入額,8,控除推計金額,千円,361,361,,AD40,40,AD,ESTAT-7153-1-2024,000040490416,data/raw/estat/000040490416.xlsx,3c039606b6dea33926d6fa7e7d711a1c18da490856e4812e2737c5544f34cc4c
3,R03,R03_十分位3,等価年間収入額,8,控除推計金額,千円,433,433,,AE40,40,AE,ESTAT-7153-1-2024,000040490416,data/raw/estat/000040490416.xlsx,3c039606b6dea33926d6fa7e7d711a1c18da490856e4812e2737c5544f34cc4c
4,R04,R04_十分位4,等価年間収入額,8,控除推計金額,千円,541,541,,AF40,40,AF,ESTAT-7153-1-2024,000040490416,data/raw/estat/000040490416.xlsx,3c039606b6dea33926d6fa7e7d711a1c18da490856e4812e2737c5544f34cc4c
5,R05,R05_十分位5,等価年間収入額,8,控除推計金額,千円,667,667,,AG40,40,AG,ESTAT-7153-1-2024,000040490416,data/raw/estat/000040490416.xlsx,3c039606b6dea33926d6fa7e7d711a1c18da490856e4812e2737c5544f34cc4c
6,R06,R06_十分位6,等価年間収入額,8,控除推計金額,千円,796,796,,AH40,40,AH,ESTAT-7153-1-2024,000040490416,data/raw/estat/000040490416.xlsx,3c039606b6dea33926d6fa7e7d711a1c18da490856e4812e2737c5544f34cc4c
7,R07,R07_十分位7,等価年間収入額,8,控除推計金額,千円,978,978,,AI40,40,AI,ESTAT-7153-1-2024,000040490416,data/raw/estat/000040490416.xlsx,3c039606b6dea33926d6fa7e7d711a1c18da490856e4812e2737c5544f34cc4c
8,R08,R08_十分位8,等価年間収入額,8,控除推計金額,千円,1168,1168,,AJ40,40,AJ,ESTAT-7153-1-2024,000040490416,data/raw/estat/000040490416.xlsx,3c039606b6dea33926d6fa7e7d711a1c18da490856e4812e2737c5544f34cc4c
9,R09,R09_十分位9,等価年間収入額,8,控除推計金額,千円,1505,1505,,AK40,40,AK,ESTAT-7153-1-2024,000040490416,data/raw/estat/000040490416.xlsx,3c039606b6dea33926d6fa7e7d711a1c18da490856e4812e2737c5544f34cc4c
10,R10,R10_十分位10,等価年間収入額,8,控除推計金額,千円,3011,3011,,AL40,40,AL,ESTAT-7153-1-2024,000040490416,data/raw/estat/000040490416.xlsx,3c039606b6dea33926d6fa7e7d711a1c18da490856e4812e2737c5544f34cc4c
1,R01,R01_十分位1,等価年間収入額,81,所得に課される税・社会保険料,千円,220,220,,AC41,41,AC,ESTAT-7153-1-2024,000040490416,data/raw/estat/000040490416.xlsx,3c039606b6dea33926d6fa7e7d711a1c18da490856e4812e2737c5544f34cc4c
2,R02,R02_十分位2,等価年間収入額,81,所得に課される税・社会保険料,千円,271,271,,AD41,41,AD,ESTAT-7153-1-2024,000040490416,data/raw/estat/000040490416.xlsx,3c039606b6dea33926d6fa7e7d711a1c18da490856e4812e2737c5544f34cc4c
3,R03,R03_十分位3,等価年間収入額,81,所得に課される税・社会保険料,千円,339,339,,AE41,41,AE,ESTAT-7153-1-2024,000040490416,data/raw/estat/000040490416.xlsx,3c039606b6dea33926d6fa7e7d711a1c18da490856e4812e2737c5544f34cc4c
4,R04,R04_十分位4,等価年間収入額,81,所得に課される税・社会保険料,千円,434,434,,AF41,41,AF,ESTAT-7153-1-2024,000040490416,data/raw/estat/000040490416.xlsx,3c039606b6dea33926d6fa7e7d711a1c18da490856e4812e2737c5544f34cc4c
5,R05,R05_十分位5,等価年間収入額,81,所得に課される税・社会保険料,千円,554,554,,AG41,41,AG,ESTAT-7153-1-2024,000040490416,data/raw/estat/000040490416.xlsx,3c039606b6dea33926d6fa7e7d711a1c18da490856e4812e2737c5544f34cc4c
6,R06,R06_十分位6,等価年間収入額,81,所得に課される税・社会保険料,千円,681,681,,AH41,41,AH,ESTAT-7153-1-2024,000040490416,data/raw/estat/000040490416.xlsx,3c039606b6dea33926d6fa7e7d711a1c18da490856e4812e2737c5544f34cc4c
7,R07,R07_十分位7,等価年間収入額,81,所得に課される税・社会保険料,千円,843,843,,AI41,41,AI,ESTAT-7153-1-2024,000040490416,data/raw/estat/000040490416.xlsx,3c039606b6dea33926d6fa7e7d711a1c18da490856e4812e2737c5544f34cc4c
8,R08,R08_十分位8,等価年間収入額,81,所得に課される税・社会保険料,千円,1033,1033,,AJ41,41,AJ,ESTAT-7153-1-2024,000040490416,data/raw/estat/000040490416.xlsx,3c039606b6dea33926d6fa7e7d711a1c18da490856e4812e2737c5544f34cc4c
9,R09,R09_十分位9,等価年間収入額,81,所得に課される税・社会保険料,千円,1340,1340,,AK41,41,AK,ESTAT-7153-1-2024,000040490416,data/raw/estat/000040490416.xlsx,3c039606b6dea33926d6fa7e7d711a1c18da490856e4812e2737c5544f34cc4c
10,R10,R10_十分位10,等価年間収入額,81,所得に課される税・社会保険料,千円,2763,2763,,AL41,41,AL,ESTAT-7153-1-2024,000040490416,data/raw/estat/000040490416.xlsx,3c039606b6dea33926d6fa7e7d711a1c18da490856e4812e2737c5544f34cc4c
1,R01,R01_十分位1,等価年間収入額,811,所得税,千円,2,2,,AC42,42,AC,ESTAT-7153-1-2024,000040490416,data/raw/estat/000040490416.xlsx,3c039606b6dea33926d6fa7e7d711a1c18da490856e4812e2737c5544f34cc4c
2,R02,R02_十分位2,等価年間収入額,811,所得税,千円,5,5,,AD42,42,AD,ESTAT-7153-1-2024,000040490416,data/raw/estat/000040490416.xlsx,3c039606b6dea33926d6fa7e7d711a1c18da490856e4812e2737c5544f34cc4c
3,R03,R03_十分位3,等価年間収入額,811,所得税,千円,7,7,,AE42,42,AE,ESTAT-7153-1-2024,000040490416,data/raw/estat/000040490416.xlsx,3c039606b6dea33926d6fa7e7d711a1c18da490856e4812e2737c5544f34cc4c
4,R04,R04_十分位4,等価年間収入額,811,所得税,千円,17,17,,AF42,42,AF,ESTAT-7153-1-2024,000040490416,data/raw/estat/000040490416.xlsx,3c039606b6dea33926d6fa7e7d711a1c18da490856e4812e2737c5544f34cc4c
5,R05,R05_十分位5,等価年間収入額,811,所得税,千円,32,32,,AG42,42,AG,ESTAT-7153-1-2024,000040490416,data/raw/estat/000040490416.xlsx,3c039606b6dea33926d6fa7e7d711a1c18da490856e4812e2737c5544f34cc4c
6,R06,R06_十分位6,等価年間収入額,811,所得税,千円,57,57,,AH42,42,AH,ESTAT-7153-1-2024,000040490416,data/raw/estat/000040490416.xlsx,3c039606b6dea33926d6fa7e7d711a1c18da490856e4812e2737c5544f34cc4c
7,R07,R07_十分位7,等価年間収入額,811,所得税,千円,96,96,,AI42,42,AI,ESTAT-7153-1-2024,000040490416,data/raw/estat/000040490416.xlsx,3c039606b6dea33926d6fa7e7d711a1c18da490856e4812e2737c5544f34cc4c
8,R08,R08_十分位8,等価年間収入額,811,所得税,千円,152,152,,AJ42,42,AJ,ESTAT-7153-1-2024,000040490416,data/raw/estat/000040490416.xlsx,3c039606b6dea33926d6fa7e7d711a1c18da490856e4812e2737c5544f34cc4c
9,R09,R09_十分位9,等価年間収入額,811,所得税,千円,252,252,,AK42,42,AK,ESTAT-7153-1-2024,000040490416,data/raw/estat/000040490416.xlsx,3c039606b6dea33926d6fa7e7d711a1c18da490856e4812e2737c5544f34cc4c
10,R10,R10_十分位10,等価年間収入額,811,所得税,千円,1031,1031,,AL42,42,AL,ESTAT-7153-1-2024,000040490416,data/raw/estat/000040490416.xlsx,3c039606b6dea33926d6fa7e7d711a1c18da490856e4812e2737c5544f34cc4c
1,R01,R01_十分位1,等価年間収入額,812,住民税,千円,7,7,,AC43,43,AC,ESTAT-7153-1-2024,000040490416,data/raw/estat/000040490416.xlsx,3c039606b6dea33926d6fa7e7d711a1c18da490856e4812e2737c5544f34cc4c
2,R02,R02_十分位2,等価年間収入額,812,住民税,千円,28,28,,AD43,43,AD,ESTAT-7153-1-2024,000040490416,data/raw/estat/000040490416.xlsx,3c039606b6dea33926d6fa7e7d711a1c18da490856e4812e2737c5544f34cc4c
3,R03,R03_十分位3,等価年間収入額,812,住民税,千円,50,50,,AE43,43,AE,ESTAT-7153-1-2024,000040490416,data/raw/estat/000040490416.xlsx,3c039606b6dea33926d6fa7e7d711a1c18da490856e4812e2737c5544f34cc4c
4,R04,R04_十分位4,等価年間収入額,812,住民税,千円,78,78,,AF43,43,AF,ESTAT-7153-1-2024,000040490416,data/raw/estat/000040490416.xlsx,3c039606b6dea33926d6fa7e7d711a1c18da490856e4812e2737c5544f34cc4c
5,R05,R05_十分位5,等価年間収入額,812,住民税,千円,110,110,,AG43,43,AG,ESTAT-7153-1-2024,000040490416,data/raw/estat/000040490416.xlsx,3c039606b6dea33926d6fa7e7d711a1c18da490856e4812e2737c5544f34cc4c
6,R06,R06_十分位6,等価年間収入額,812,住民税,千円,142,142,,AH43,43,AH,ESTAT-7153-1-2024,000040490416,data/raw/estat/000040490416.xlsx,3c039606b6dea33926d6fa7e7d711a1c18da490856e4812e2737c5544f34cc4c
7,R07,R07_十分位7,等価年間収入額,812,住民税,千円,181,181,,AI43,43,AI,ESTAT-7153-1-2024,000040490416,data/raw/estat/000040490416.xlsx,3c039606b6dea33926d6fa7e7d711a1c18da490856e4812e2737c5544f34cc4c
8,R08,R08_十分位8,等価年間収入額,812,住民税,千円,229,229,,AJ43,43,AJ,ESTAT-7153-1-2024,000040490416,data/raw/estat/000040490416.xlsx,3c039606b6dea33926d6fa7e7d711a1c18da490856e4812e2737c5544f34cc4c
9,R09,R09_十分位9,等価年間収入額,812,住民税,千円,306,306,,AK43,43,AK,ESTAT-7153-1-2024,000040490416,data/raw/estat/000040490416.xlsx,3c039606b6dea33926d6fa7e7d711a1c18da490856e4812e2737c5544f34cc4c
10,R10,R10_十分位10,等価年間収入額,812,住民税,千円,624,624,,AL43,43,AL,ESTAT-7153-1-2024,000040490416,data/raw/estat/000040490416.xlsx,3c039606b6dea33926d6fa7e7d711a1c18da490856e4812e2737c5544f34cc4c
1,R01,R01_十分位1,等価年間収入額,813,公的年金保険料,千円,86,86,,AC44,44,AC,ESTAT-7153-1-2024,000040490416,data/raw/estat/000040490416.xlsx,3c039606b6dea33926d6fa7e7d711a1c18da490856e4812e2737c5544f34cc4c
2,R02,R02_十分位2,等価年間収入額,813,公的年金保険料,千円,110,110,,AD44,44,AD,ESTAT-7153-1-2024,000040490416,data/raw/estat/000040490416.xlsx,3c039606b6dea33926d6fa7e7d711a1c18da490856e4812e2737c5544f34cc4c
3,R03,R03_十分位3,等価年間収入額,813,公的年金保険料,千円,143,143,,AE44,44,AE,ESTAT-7153-1-2024,000040490416,data/raw/estat/000040490416.xlsx,3c039606b6dea33926d6fa7e7d711a1c18da490856e4812e2737c5544f34cc4c
4,R04,R04_十分位4,等価年間収入額,813,公的年金保険料,千円,186,186,,AF44,44,AF,ESTAT-7153-1-2024,000040490416,data/raw/estat/000040490416.xlsx,3c039606b6dea33926d6fa7e7d711a1c18da490856e4812e2737c5544f34cc4c
5,R05,R05_十分位5,等価年間収入額,813,公的年金保険料,千円,238,238,,AG44,44,AG,ESTAT-7153-1-2024,000040490416,data/raw/estat/000040490416.xlsx,3c039606b6dea33926d6fa7e7d711a1c18da490856e4812e2737c5544f34cc4c
6,R06,R06_十分位6,等価年間収入額,813,公的年金保険料,千円,286,286,,AH44,44,AH,ESTAT-7153-1-2024,000040490416,data/raw/estat/000040490416.xlsx,3c039606b6dea33926d6fa7e7d711a1c18da490856e4812e2737c5544f34cc4c
7,R07,R07_十分位7,等価年間収入額,813,公的年金保険料,千円,342,342,,AI44,44,AI,ESTAT-7153-1-2024,000040490416,data/raw/estat/000040490416.xlsx,3c039606b6dea33926d6fa7e7d711a1c18da490856e4812e2737c5544f34cc4c
8,R08,R08_十分位8,等価年間収入額,813,公的年金保険料,千円,396,396,,AJ44,44,AJ,ESTAT-7153-1-2024,000040490416,data/raw/estat/000040490416.xlsx,3c039606b6dea33926d6fa7e7d711a1c18da490856e4812e2737c5544f34cc4c
9,R09,R09_十分位9,等価年間収入額,813,公的年金保険料,千円,479,479,,AK44,44,AK,ESTAT-7153-1-2024,000040490416,data/raw/estat/000040490416.xlsx,3c039606b6dea33926d6fa7e7d711a1c18da490856e4812e2737c5544f34cc4c
10,R10,R10_十分位10,等価年間収入額,813,公的年金保険料,千円,682,682,,AL44,44,AL,ESTAT-7153-1-2024,000040490416,data/raw/estat/000040490416.xlsx,3c039606b6dea33926d6fa7e7d711a1c18da490856e4812e2737c5544f34cc4c
1,R01,R01_十分位1,等価年間収入額,814,健康保険料,千円,114,114,,AC45,45,AC,ESTAT-7153-1-2024,000040490416,data/raw/estat/000040490416.xlsx,3c039606b6dea33926d6fa7e7d711a1c18da490856e4812e2737c5544f34cc4c
2,R02,R02_十分位2,等価年間収入額,814,健康保険料,千円,117,117,,AD45,45,AD,ESTAT-7153-1-2024,000040490416,data/raw/estat/000040490416.xlsx,3c039606b6dea33926d6fa7e7d711a1c18da490856e4812e2737c5544f34cc4c
3,R03,R03_十分位3,等価年間収入額,814,健康保険料,千円,126,126,,AE45,45,AE,ESTAT-7153-1-2024,000040490416,data/raw/estat/000040490416.xlsx,3c039606b6dea33926d6fa7e7d711a1c18da490856e4812e2737c5544f34cc4c
4,R04,R04_十分位4,等価年間収入額,814,健康保険料,千円,139,139,,AF45,45,AF,ESTAT-7153-1-2024,000040490416,data/raw/estat/000040490416.xlsx,3c039606b6dea33926d6fa7e7d711a1c18da490856e4812e2737c5544f34cc4c
5,R05,R05_十分位5,等価年間収入額,814,健康保険料,千円,157,157,,AG45,45,AG,ESTAT-7153-1-2024,000040490416,data/raw/estat/000040490416.xlsx,3c039606b6dea33926d6fa7e7d711a1c18da490856e4812e2737c5544f34cc4c
6,R06,R06_十分位6,等価年間収入額,814,健康保険料,千円,178,178,,AH45,45,AH,ESTAT-7153-1-2024,000040490416,data/raw/estat/000040490416.xlsx,3c039606b6dea33926d6fa7e7d711a1c18da490856e4812e2737c5544f34cc4c
7,R07,R07_十分位7,等価年間収入額,814,健康保険料,千円,201,201,,AI45,45,AI,ESTAT-7153-1-2024,000040490416,data/raw/estat/000040490416.xlsx,3c039606b6dea33926d6fa7e7d711a1c18da490856e4812e2737c5544f34cc4c
8,R08,R08_十分位8,等価年間収入額,814,健康保険料,千円,229,229,,AJ45,45,AJ,ESTAT-7153-1-2024,000040490416,data/raw/estat/000040490416.xlsx,3c039606b6dea33926d6fa7e7d711a1c18da490856e4812e2737c5544f34cc4c
9,R09,R09_十分位9,等価年間収入額,814,健康保険料,千円,269,269,,AK45,45,AK,ESTAT-7153-1-2024,000040490416,data/raw/estat/000040490416.xlsx,3c039606b6dea33926d6fa7e7d711a1c18da490856e4812e2737c5544f34cc4c
10,R10,R10_十分位10,等価年間収入額,814,健康保険料,千円,375,375,,AL45,45,AL,ESTAT-7153-1-2024,000040490416,data/raw/estat/000040490416.xlsx,3c039606b6dea33926d6fa7e7d711a1c18da490856e4812e2737c5544f34cc4c
1,R01,R01_十分位1,等価年間収入額,815,介護保険料,千円,10,10,,AC46,46,AC,ESTAT-7153-1-2024,000040490416,data/raw/estat/000040490416.xlsx,3c039606b6dea33926d6fa7e7d711a1c18da490856e4812e2737c5544f34cc4c
2,R02,R02_十分位2,等価年間収入額,815,介護保険料,千円,11,11,,AD46,46,AD,ESTAT-7153-1-2024,000040490416,data/raw/estat/000040490416.xlsx,3c039606b6dea33926d6fa7e7d711a1c18da490856e4812e2737c5544f34cc4c
3,R03,R03_十分位3,等価年間収入額,815,介護保険料,千円,13,13,,AE46,46,AE,ESTAT-7153-1-2024,000040490416,data/raw/estat/000040490416.xlsx,3c039606b6dea33926d6fa7e7d711a1c18da490856e4812e2737c5544f34cc4c
4,R04,R04_十分位4,等価年間収入額,815,介護保険料,千円,14,14,,AF46,46,AF,ESTAT-7153-1-2024,000040490416,data/raw/estat/000040490416.xlsx,3c039606b6dea33926d6fa7e7d711a1c18da490856e4812e2737c5544f34cc4c
5,R05,R05_十分位5,等価年間収入額,815,介護保険料,千円,17,17,,AG46,46,AG,ESTAT-7153-1-2024,000040490416,data/raw/estat/000040490416.xlsx,3c039606b6dea33926d6fa7e7d711a1c18da490856e4812e2737c5544f34cc4c
6,R06,R06_十分位6,等価年間収入額,815,介護保険料,千円,19,19,,AH46,46,AH,ESTAT-7153-1-2024,000040490416,data/raw/estat/000040490416.xlsx,3c039606b6dea33926d6fa7e7d711a1c18da490856e4812e2737c5544f34cc4c
7,R07,R07_十分位7,等価年間収入額,815,介護保険料,千円,23,23,,AI46,46,AI,ESTAT-7153-1-2024,000040490416,data/raw/estat/000040490416.xlsx,3c039606b6dea33926d6fa7e7d711a1c18da490856e4812e2737c5544f34cc4c
8,R08,R08_十分位8,等価年間収入額,815,介護保険料,千円,27,27,,AJ46,46,AJ,ESTAT-7153-1-2024,000040490416,data/raw/estat/000040490416.xlsx,3c039606b6dea33926d6fa7e7d711a1c18da490856e4812e2737c5544f34cc4c
9,R09,R09_十分位9,等価年間収入額,815,介護保険料,千円,33,33,,AK46,46,AK,ESTAT-7153-1-2024,000040490416,data/raw/estat/000040490416.xlsx,3c039606b6dea33926d6fa7e7d711a1c18da490856e4812e2737c5544f34cc4c
10,R10,R10_十分位10,等価年間収入額,815,介護保険料,千円,51,51,,AL46,46,AL,ESTAT-7153-1-2024,000040490416,data/raw/estat/000040490416.xlsx,3c039606b6dea33926d6fa7e7d711a1c18da490856e4812e2737c5544f34cc4c
1,R01,R01_十分位1,等価年間収入額,82,固定資産税・都市計画税,千円,40,40,,AC47,47,AC,ESTAT-7153-1-2024,000040490416,data/raw/estat/000040490416.xlsx,3c039606b6dea33926d6fa7e7d711a1c18da490856e4812e2737c5544f34cc4c
2,R02,R02_十分位2,等価年間収入額,82,固定資産税・都市計画税,千円,46,46,,AD47,47,AD,ESTAT-7153-1-2024,000040490416,data/raw/estat/000040490416.xlsx,3c039606b6dea33926d6fa7e7d711a1c18da490856e4812e2737c5544f34cc4c
3,R03,R03_十分位3,等価年間収入額,82,固定資産税・都市計画税,千円,47,47,,AE47,47,AE,ESTAT-7153-1-2024,000040490416,data/raw/estat/000040490416.xlsx,3c039606b6dea33926d6fa7e7d711a1c18da490856e4812e2737c5544f34cc4c
4,R04,R04_十分位4,等価年間収入額,82,固定資産税・都市計画税,千円,50,50,,AF47,47,AF,ESTAT-7153-1-2024,000040490416,data/raw/estat/000040490416.xlsx,3c039606b6dea33926d6fa7e7d711a1c18da490856e4812e2737c5544f34cc4c
5,R05,R05_十分位5,等価年間収入額,82,固定資産税・都市計画税,千円,51,51,,AG47,47,AG,ESTAT-7153-1-2024,000040490416,data/raw/estat/000040490416.xlsx,3c039606b6dea33926d6fa7e7d711a1c18da490856e4812e2737c5544f34cc4c
6,R06,R06_十分位6,等価年間収入額,82,固定資産税・都市計画税,千円,51,51,,AH47,47,AH,ESTAT-7153-1-2024,000040490416,data/raw/estat/000040490416.xlsx,3c039606b6dea33926d6fa7e7d711a1c18da490856e4812e2737c5544f34cc4c
7,R07,R07_十分位7,等価年間収入額,82,固定資産税・都市計画税,千円,58,58,,AI47,47,AI,ESTAT-7153-1-2024,000040490416,data/raw/estat/000040490416.xlsx,3c039606b6dea33926d6fa7e7d711a1c18da490856e4812e2737c5544f34cc4c
8,R08,R08_十分位8,等価年間収入額,82,固定資産税・都市計画税,千円,59,59,,AJ47,47,AJ,ESTAT-7153-1-2024,000040490416,data/raw/estat/000040490416.xlsx,3c039606b6dea33926d6fa7e7d711a1c18da490856e4812e2737c5544f34cc4c
9,R09,R09_十分位9,等価年間収入額,82,固定資産税・都市計画税,千円,70,70,,AK47,47,AK,ESTAT-7153-1-2024,000040490416,data/raw/estat/000040490416.xlsx,3c039606b6dea33926d6fa7e7d711a1c18da490856e4812e2737c5544f34cc4c
10,R10,R10_十分位10,等価年間収入額,82,固定資産税・都市計画税,千円,122,122,,AL47,47,AL,ESTAT-7153-1-2024,000040490416,data/raw/estat/000040490416.xlsx,3c039606b6dea33926d6fa7e7d711a1c18da490856e4812e2737c5544f34cc4c
1,R01,R01_十分位1,等価年間収入額,83,自動車税・軽自動車税・自動車重量税,千円,11,11,,AC48,48,AC,ESTAT-7153-1-2024,000040490416,data/raw/estat/000040490416.xlsx,3c039606b6dea33926d6fa7e7d711a1c18da490856e4812e2737c5544f34cc4c
2,R02,R02_十分位2,等価年間収入額,83,自動車税・軽自動車税・自動車重量税,千円,16,16,,AD48,48,AD,ESTAT-7153-1-2024,000040490416,data/raw/estat/000040490416.xlsx,3c039606b6dea33926d6fa7e7d711a1c18da490856e4812e2737c5544f34cc4c
3,R03,R03_十分位3,等価年間収入額,83,自動車税・軽自動車税・自動車重量税,千円,18,18,,AE48,48,AE,ESTAT-7153-1-2024,000040490416,data/raw/estat/000040490416.xlsx,3c039606b6dea33926d6fa7e7d711a1c18da490856e4812e2737c5544f34cc4c
4,R04,R04_十分位4,等価年間収入額,83,自動車税・軽自動車税・自動車重量税,千円,20,20,,AF48,48,AF,ESTAT-7153-1-2024,000040490416,data/raw/estat/000040490416.xlsx,3c039606b6dea33926d6fa7e7d711a1c18da490856e4812e2737c5544f34cc4c
5,R05,R05_十分位5,等価年間収入額,83,自動車税・軽自動車税・自動車重量税,千円,21,21,,AG48,48,AG,ESTAT-7153-1-2024,000040490416,data/raw/estat/000040490416.xlsx,3c039606b6dea33926d6fa7e7d711a1c18da490856e4812e2737c5544f34cc4c
6,R06,R06_十分位6,等価年間収入額,83,自動車税・軽自動車税・自動車重量税,千円,21,21,,AH48,48,AH,ESTAT-7153-1-2024,000040490416,data/raw/estat/000040490416.xlsx,3c039606b6dea33926d6fa7e7d711a1c18da490856e4812e2737c5544f34cc4c
7,R07,R07_十分位7,等価年間収入額,83,自動車税・軽自動車税・自動車重量税,千円,23,23,,AI48,48,AI,ESTAT-7153-1-2024,000040490416,data/raw/estat/000040490416.xlsx,3c039606b6dea33926d6fa7e7d711a1c18da490856e4812e2737c5544f34cc4c
8,R08,R08_十分位8,等価年間収入額,83,自動車税・軽自動車税・自動車重量税,千円,23,23,,AJ48,48,AJ,ESTAT-7153-1-2024,000040490416,data/raw/estat/000040490416.xlsx,3c039606b6dea33926d6fa7e7d711a1c18da490856e4812e2737c5544f34cc4c
9,R09,R09_十分位9,等価年間収入額,83,自動車税・軽自動車税・自動車重量税,千円,25,25,,AK48,48,AK,ESTAT-7153-1-2024,000040490416,data/raw/estat/000040490416.xlsx,3c039606b6dea33926d6fa7e7d711a1c18da490856e4812e2737c5544f34cc4c
10,R10,R10_十分位10,等価年間収入額,83,自動車税・軽自動車税・自動車重量税,千円,26,26,,AL48,48,AL,ESTAT-7153-1-2024,000040490416,data/raw/estat/000040490416.xlsx,3c039606b6dea33926d6fa7e7d711a1c18da490856e4812e2737c5544f34cc4c
1,R01,R01_十分位1,等価年間収入額,84,企業年金保険料,千円,5,5,,AC49,49,AC,ESTAT-7153-1-2024,000040490416,data/raw/estat/000040490416.xlsx,3c039606b6dea33926d6fa7e7d711a1c18da490856e4812e2737c5544f34cc4c
2,R02,R02_十分位2,等価年間収入額,84,企業年金保険料,千円,9,9,,AD49,49,AD,ESTAT-7153-1-2024,000040490416,data/raw/estat/000040490416.xlsx,3c039606b6dea33926d6fa7e7d711a1c18da490856e4812e2737c5544f34cc4c
3,R03,R03_十分位3,等価年間収入額,84,企業年金保険料,千円,12,12,,AE49,49,AE,ESTAT-7153-1-2024,000040490416,data/raw/estat/000040490416.xlsx,3c039606b6dea33926d6fa7e7d711a1c18da490856e4812e2737c5544f34cc4c
4,R04,R04_十分位4,等価年間収入額,84,企業年金保険料,千円,17,17,,AF49,49,AF,ESTAT-7153-1-2024,000040490416,data/raw/estat/000040490416.xlsx,3c039606b6dea33926d6fa7e7d711a1c18da490856e4812e2737c5544f34cc4c
5,R05,R05_十分位5,等価年間収入額,84,企業年金保険料,千円,20,20,,AG49,49,AG,ESTAT-7153-1-2024,000040490416,data/raw/estat/000040490416.xlsx,3c039606b6dea33926d6fa7e7d711a1c18da490856e4812e2737c5544f34cc4c
6,R06,R06_十分位6,等価年間収入額,84,企業年金保険料,千円,21,21,,AH49,49,AH,ESTAT-7153-1-2024,000040490416,data/raw/estat/000040490416.xlsx,3c039606b6dea33926d6fa7e7d711a1c18da490856e4812e2737c5544f34cc4c
7,R07,R07_十分位7,等価年間収入額,84,企業年金保険料,千円,30,30,,AI49,49,AI,ESTAT-7153-1-2024,000040490416,data/raw/estat/000040490416.xlsx,3c039606b6dea33926d6fa7e7d711a1c18da490856e4812e2737c5544f34cc4c
8,R08,R08_十分位8,等価年間収入額,84,企業年金保険料,千円,28,28,,AJ49,49,AJ,ESTAT-7153-1-2024,000040490416,data/raw/estat/000040490416.xlsx,3c039606b6dea33926d6fa7e7d711a1c18da490856e4812e2737c5544f34cc4c
9,R09,R09_十分位9,等価年間収入額,84,企業年金保険料,千円,37,37,,AK49,49,AK,ESTAT-7153-1-2024,000040490416,data/raw/estat/000040490416.xlsx,3c039606b6dea33926d6fa7e7d711a1c18da490856e4812e2737c5544f34cc4c
10,R10,R10_十分位10,等価年間収入額,84,企業年金保険料,千円,46,46,,AL49,49,AL,ESTAT-7153-1-2024,000040490416,data/raw/estat/000040490416.xlsx,3c039606b6dea33926d6fa7e7d711a1c18da490856e4812e2737c5544f34cc4c
1,R01,R01_十分位1,等価年間収入額,85,仕送り金支出,千円,20,20,,AC50,50,AC,ESTAT-7153-1-2024,000040490416,data/raw/estat/000040490416.xlsx,3c039606b6dea33926d6fa7e7d711a1c18da490856e4812e2737c5544f34cc4c
2,R02,R02_十分位2,等価年間収入額,85,仕送り金支出,千円,19,19,,AD50,50,AD,ESTAT-7153-1-2024,000040490416,data/raw/estat/000040490416.xlsx,3c039606b6dea33926d6fa7e7d711a1c18da490856e4812e2737c5544f34cc4c
3,R03,R03_十分位3,等価年間収入額,85,仕送り金支出,千円,17,17,,AE50,50,AE,ESTAT-7153-1-2024,000040490416,data/raw/estat/000040490416.xlsx,3c039606b6dea33926d6fa7e7d711a1c18da490856e4812e2737c5544f34cc4c
4,R04,R04_十分位4,等価年間収入額,85,仕送り金支出,千円,20,20,,AF50,50,AF,ESTAT-7153-1-2024,000040490416,data/raw/estat/000040490416.xlsx,3c039606b6dea33926d6fa7e7d711a1c18da490856e4812e2737c5544f34cc4c
5,R05,R05_十分位5,等価年間収入額,85,仕送り金支出,千円,21,21,,AG50,50,AG,ESTAT-7153-1-2024,000040490416,data/raw/estat/000040490416.xlsx,3c039606b6dea33926d6fa7e7d711a1c18da490856e4812e2737c5544f34cc4c
6,R06,R06_十分位6,等価年間収入額,85,仕送り金支出,千円,21,21,,AH50,50,AH,ESTAT-7153-1-2024,000040490416,data/raw/estat/000040490416.xlsx,3c039606b6dea33926d6fa7e7d711a1c18da490856e4812e2737c5544f34cc4c
7,R07,R07_十分位7,等価年間収入額,85,仕送り金支出,千円,24,24,,AI50,50,AI,ESTAT-7153-1-2024,000040490416,data/raw/estat/000040490416.xlsx,3c039606b6dea33926d6fa7e7d711a1c18da490856e4812e2737c5544f34cc4c
8,R08,R08_十分位8,等価年間収入額,85,仕送り金支出,千円,24,24,,AJ50,50,AJ,ESTAT-7153-1-2024,000040490416,data/raw/estat/000040490416.xlsx,3c039606b6dea33926d6fa7e7d711a1c18da490856e4812e2737c5544f34cc4c
9,R09,R09_十分位9,等価年間収入額,85,仕送り金支出,千円,35,35,,AK50,50,AK,ESTAT-7153-1-2024,000040490416,data/raw/estat/000040490416.xlsx,3c039606b6dea33926d6fa7e7d711a1c18da490856e4812e2737c5544f34cc4c
10,R10,R10_十分位10,等価年間収入額,85,仕送り金支出,千円,53,53,,AL50,50,AL,ESTAT-7153-1-2024,000040490416,data/raw/estat/000040490416.xlsx,3c039606b6dea33926d6fa7e7d711a1c18da490856e4812e2737c5544f34cc4c
