income_class_index,income_class_label,lower_bound_yen_exclusive,upper_bound_yen_inclusive,is_topcoded,primary_income_type,primary_income_type_ja,positive_liability_persons_estimated,source_cell,source_income_class_label_cell,source_income_class_label,income_class_positive_liability_total_estimated,income_class_total_source_cell,category_positive_liability_total,category_total_source_cell,share_within_income_class,share_within_primary_type,target_population,cell_nature,source_id_xlsx,source_file_xlsx,source_sha256_xlsx,visual_source_id_pdf,visual_source_file_pdf,visual_source_sha256_pdf,evidence_status,identification_warning
1,70万円以下,,700000,False,business,事業所得者,5797,D37,C37,70万円以下,16171,D9,1174065,D62,0.358481231835,0.00493754604728,NTA Sample Survey population: persons with positive self-assessed income tax,SURVEY_ESTIMATED_POPULATION_CELL,NTA-2024-SHINKOKU-T2-XLSX,data/raw/nta/nta_2024_shinkoku_sample_table2.xlsx,a134dc943714152ae351316b3442d8171705c65076c2b7e2f0a0aee7a7e1c791,NTA-2024-SHINKOKU-T2-PDF,data/raw/nta/nta_2024_shinkoku_sample_table2.pdf,9ebc7580d3922d7dfaba87e143d15d41307beb289960285734512601bb91ab26,REPRODUCED_OFFICIAL_SURVEY_ESTIMATE_CROSSTAB,NTA total-income class is not F71561 equivalized disposable-income decile; any bridge requires an explicit transport assumption
1,70万円以下,,700000,False,real_estate,不動産所得者,3787,D72,C72,70万円以下,16171,D9,804398,D97,0.234184651537,0.00470786849296,NTA Sample Survey population: persons with positive self-assessed income tax,SURVEY_ESTIMATED_POPULATION_CELL,NTA-2024-SHINKOKU-T2-XLSX,data/raw/nta/nta_2024_shinkoku_sample_table2.xlsx,a134dc943714152ae351316b3442d8171705c65076c2b7e2f0a0aee7a7e1c791,NTA-2024-SHINKOKU-T2-PDF,data/raw/nta/nta_2024_shinkoku_sample_table2.pdf,9ebc7580d3922d7dfaba87e143d15d41307beb289960285734512601bb91ab26,REPRODUCED_OFFICIAL_SURVEY_ESTIMATE_CROSSTAB,NTA total-income class is not F71561 equivalized disposable-income decile; any bridge requires an explicit transport assumption
1,70万円以下,,700000,False,salary,給与所得者,2218,D100,C100,70万円以下,16171,D9,2385726,D125,0.137159111991,0.000929696033828,NTA Sample Survey population: persons with positive self-assessed income tax,SURVEY_ESTIMATED_POPULATION_CELL,NTA-2024-SHINKOKU-T2-XLSX,data/raw/nta/nta_2024_shinkoku_sample_table2.xlsx,a134dc943714152ae351316b3442d8171705c65076c2b7e2f0a0aee7a7e1c791,NTA-2024-SHINKOKU-T2-PDF,data/raw/nta/nta_2024_shinkoku_sample_table2.pdf,9ebc7580d3922d7dfaba87e143d15d41307beb289960285734512601bb91ab26,REPRODUCED_OFFICIAL_SURVEY_ESTIMATE_CROSSTAB,NTA total-income class is not F71561 equivalized disposable-income decile; any bridge requires an explicit transport assumption
1,70万円以下,,700000,False,miscellaneous,雑所得者,3422,D135,C135,70万円以下,16171,D9,411376,D160,0.21161338198,0.00831842402085,NTA Sample Survey population: persons with positive self-assessed income tax,SURVEY_ESTIMATED_POPULATION_CELL,NTA-2024-SHINKOKU-T2-XLSX,data/raw/nta/nta_2024_shinkoku_sample_table2.xlsx,a134dc943714152ae351316b3442d8171705c65076c2b7e2f0a0aee7a7e1c791,NTA-2024-SHINKOKU-T2-PDF,data/raw/nta/nta_2024_shinkoku_sample_table2.pdf,9ebc7580d3922d7dfaba87e143d15d41307beb289960285734512601bb91ab26,REPRODUCED_OFFICIAL_SURVEY_ESTIMATE_CROSSTAB,NTA total-income class is not F71561 equivalized disposable-income decile; any bridge requires an explicit transport assumption
1,70万円以下,,700000,False,other,他の区分に該当しない所得者,947,D163,C163,70万円以下,16171,D9,382695,D188,0.0585616226578,0.00247455545539,NTA Sample Survey population: persons with positive self-assessed income tax,SURVEY_ESTIMATED_POPULATION_CELL,NTA-2024-SHINKOKU-T2-XLSX,data/raw/nta/nta_2024_shinkoku_sample_table2.xlsx,a134dc943714152ae351316b3442d8171705c65076c2b7e2f0a0aee7a7e1c791,NTA-2024-SHINKOKU-T2-PDF,data/raw/nta/nta_2024_shinkoku_sample_table2.pdf,9ebc7580d3922d7dfaba87e143d15d41307beb289960285734512601bb91ab26,REPRODUCED_OFFICIAL_SURVEY_ESTIMATE_CROSSTAB,NTA total-income class is not F71561 equivalized disposable-income decile; any bridge requires an explicit transport assumption
2,100万円,700000,1000000,False,business,事業所得者,3468,D38,C38,100万円,13549,D10,1174065,D62,0.255959849435,0.00295383986406,NTA Sample Survey population: persons with positive self-assessed income tax,SURVEY_ESTIMATED_POPULATION_CELL,NTA-2024-SHINKOKU-T2-XLSX,data/raw/nta/nta_2024_shinkoku_sample_table2.xlsx,a134dc943714152ae351316b3442d8171705c65076c2b7e2f0a0aee7a7e1c791,NTA-2024-SHINKOKU-T2-PDF,data/raw/nta/nta_2024_shinkoku_sample_table2.pdf,9ebc7580d3922d7dfaba87e143d15d41307beb289960285734512601bb91ab26,REPRODUCED_OFFICIAL_SURVEY_ESTIMATE_CROSSTAB,NTA total-income class is not F71561 equivalized disposable-income decile; any bridge requires an explicit transport assumption
2,100万円,700000,1000000,False,real_estate,不動産所得者,2477,D73,C73,100万円,13549,D10,804398,D97,0.182817920142,0.00307932143044,NTA Sample Survey population: persons with positive self-assessed income tax,SURVEY_ESTIMATED_POPULATION_CELL,NTA-2024-SHINKOKU-T2-XLSX,data/raw/nta/nta_2024_shinkoku_sample_table2.xlsx,a134dc943714152ae351316b3442d8171705c65076c2b7e2f0a0aee7a7e1c791,NTA-2024-SHINKOKU-T2-PDF,data/raw/nta/nta_2024_shinkoku_sample_table2.pdf,9ebc7580d3922d7dfaba87e143d15d41307beb289960285734512601bb91ab26,REPRODUCED_OFFICIAL_SURVEY_ESTIMATE_CROSSTAB,NTA total-income class is not F71561 equivalized disposable-income decile; any bridge requires an explicit transport assumption
2,100万円,700000,1000000,False,salary,給与所得者,1169,D101,C101,100万円,13549,D10,2385726,D125,0.0862794302163,0.000489997594024,NTA Sample Survey population: persons with positive self-assessed income tax,SURVEY_ESTIMATED_POPULATION_CELL,NTA-2024-SHINKOKU-T2-XLSX,data/raw/nta/nta_2024_shinkoku_sample_table2.xlsx,a134dc943714152ae351316b3442d8171705c65076c2b7e2f0a0aee7a7e1c791,NTA-2024-SHINKOKU-T2-PDF,data/raw/nta/nta_2024_shinkoku_sample_table2.pdf,9ebc7580d3922d7dfaba87e143d15d41307beb289960285734512601bb91ab26,REPRODUCED_OFFICIAL_SURVEY_ESTIMATE_CROSSTAB,NTA total-income class is not F71561 equivalized disposable-income decile; any bridge requires an explicit transport assumption
2,100万円,700000,1000000,False,miscellaneous,雑所得者,2633,D136,C136,100万円,13549,D10,411376,D160,0.194331684995,0.00640047061569,NTA Sample Survey population: persons with positive self-assessed income tax,SURVEY_ESTIMATED_POPULATION_CELL,NTA-2024-SHINKOKU-T2-XLSX,data/raw/nta/nta_2024_shinkoku_sample_table2.xlsx,a134dc943714152ae351316b3442d8171705c65076c2b7e2f0a0aee7a7e1c791,NTA-2024-SHINKOKU-T2-PDF,data/raw/nta/nta_2024_shinkoku_sample_table2.pdf,9ebc7580d3922d7dfaba87e143d15d41307beb289960285734512601bb91ab26,REPRODUCED_OFFICIAL_SURVEY_ESTIMATE_CROSSTAB,NTA total-income class is not F71561 equivalized disposable-income decile; any bridge requires an explicit transport assumption
2,100万円,700000,1000000,False,other,他の区分に該当しない所得者,3802,D164,C164,100万円,13549,D10,382695,D188,0.280611115211,0.00993480447876,NTA Sample Survey population: persons with positive self-assessed income tax,SURVEY_ESTIMATED_POPULATION_CELL,NTA-2024-SHINKOKU-T2-XLSX,data/raw/nta/nta_2024_shinkoku_sample_table2.xlsx,a134dc943714152ae351316b3442d8171705c65076c2b7e2f0a0aee7a7e1c791,NTA-2024-SHINKOKU-T2-PDF,data/raw/nta/nta_2024_shinkoku_sample_table2.pdf,9ebc7580d3922d7dfaba87e143d15d41307beb289960285734512601bb91ab26,REPRODUCED_OFFICIAL_SURVEY_ESTIMATE_CROSSTAB,NTA total-income class is not F71561 equivalized disposable-income decile; any bridge requires an explicit transport assumption
3,150万円,1000000,1500000,False,business,事業所得者,46153,D39,C39,150万円,128633,D11,1174065,D62,0.358795954382,0.0393104300017,NTA Sample Survey population: persons with positive self-assessed income tax,SURVEY_ESTIMATED_POPULATION_CELL,NTA-2024-SHINKOKU-T2-XLSX,data/raw/nta/nta_2024_shinkoku_sample_table2.xlsx,a134dc943714152ae351316b3442d8171705c65076c2b7e2f0a0aee7a7e1c791,NTA-2024-SHINKOKU-T2-PDF,data/raw/nta/nta_2024_shinkoku_sample_table2.pdf,9ebc7580d3922d7dfaba87e143d15d41307beb289960285734512601bb91ab26,REPRODUCED_OFFICIAL_SURVEY_ESTIMATE_CROSSTAB,NTA total-income class is not F71561 equivalized disposable-income decile; any bridge requires an explicit transport assumption
3,150万円,1000000,1500000,False,real_estate,不動産所得者,19355,D74,C74,150万円,128633,D11,804398,D97,0.150466831995,0.0240614720574,NTA Sample Survey population: persons with positive self-assessed income tax,SURVEY_ESTIMATED_POPULATION_CELL,NTA-2024-SHINKOKU-T2-XLSX,data/raw/nta/nta_2024_shinkoku_sample_table2.xlsx,a134dc943714152ae351316b3442d8171705c65076c2b7e2f0a0aee7a7e1c791,NTA-2024-SHINKOKU-T2-PDF,data/raw/nta/nta_2024_shinkoku_sample_table2.pdf,9ebc7580d3922d7dfaba87e143d15d41307beb289960285734512601bb91ab26,REPRODUCED_OFFICIAL_SURVEY_ESTIMATE_CROSSTAB,NTA total-income class is not F71561 equivalized disposable-income decile; any bridge requires an explicit transport assumption
3,150万円,1000000,1500000,False,salary,給与所得者,30051,D102,C102,150万円,128633,D11,2385726,D125,0.233618122877,0.0125961656955,NTA Sample Survey population: persons with positive self-assessed income tax,SURVEY_ESTIMATED_POPULATION_CELL,NTA-2024-SHINKOKU-T2-XLSX,data/raw/nta/nta_2024_shinkoku_sample_table2.xlsx,a134dc943714152ae351316b3442d8171705c65076c2b7e2f0a0aee7a7e1c791,NTA-2024-SHINKOKU-T2-PDF,data/raw/nta/nta_2024_shinkoku_sample_table2.pdf,9ebc7580d3922d7dfaba87e143d15d41307beb289960285734512601bb91ab26,REPRODUCED_OFFICIAL_SURVEY_ESTIMATE_CROSSTAB,NTA total-income class is not F71561 equivalized disposable-income decile; any bridge requires an explicit transport assumption
3,150万円,1000000,1500000,False,miscellaneous,雑所得者,22297,D137,C137,150万円,128633,D11,411376,D160,0.17333810142,0.0542010229085,NTA Sample Survey population: persons with positive self-assessed income tax,SURVEY_ESTIMATED_POPULATION_CELL,NTA-2024-SHINKOKU-T2-XLSX,data/raw/nta/nta_2024_shinkoku_sample_table2.xlsx,a134dc943714152ae351316b3442d8171705c65076c2b7e2f0a0aee7a7e1c791,NTA-2024-SHINKOKU-T2-PDF,data/raw/nta/nta_2024_shinkoku_sample_table2.pdf,9ebc7580d3922d7dfaba87e143d15d41307beb289960285734512601bb91ab26,REPRODUCED_OFFICIAL_SURVEY_ESTIMATE_CROSSTAB,NTA total-income class is not F71561 equivalized disposable-income decile; any bridge requires an explicit transport assumption
3,150万円,1000000,1500000,False,other,他の区分に該当しない所得者,10777,D165,C165,150万円,128633,D11,382695,D188,0.0837809893262,0.0281608069089,NTA Sample Survey population: persons with positive self-assessed income tax,SURVEY_ESTIMATED_POPULATION_CELL,NTA-2024-SHINKOKU-T2-XLSX,data/raw/nta/nta_2024_shinkoku_sample_table2.xlsx,a134dc943714152ae351316b3442d8171705c65076c2b7e2f0a0aee7a7e1c791,NTA-2024-SHINKOKU-T2-PDF,data/raw/nta/nta_2024_shinkoku_sample_table2.pdf,9ebc7580d3922d7dfaba87e143d15d41307beb289960285734512601bb91ab26,REPRODUCED_OFFICIAL_SURVEY_ESTIMATE_CROSSTAB,NTA total-income class is not F71561 equivalized disposable-income decile; any bridge requires an explicit transport assumption
4,200万円,1500000,2000000,False,business,事業所得者,110751,D40,C40,200万円,380979,D12,1174065,D62,0.290701062263,0.0943312337903,NTA Sample Survey population: persons with positive self-assessed income tax,SURVEY_ESTIMATED_POPULATION_CELL,NTA-2024-SHINKOKU-T2-XLSX,data/raw/nta/nta_2024_shinkoku_sample_table2.xlsx,a134dc943714152ae351316b3442d8171705c65076c2b7e2f0a0aee7a7e1c791,NTA-2024-SHINKOKU-T2-PDF,data/raw/nta/nta_2024_shinkoku_sample_table2.pdf,9ebc7580d3922d7dfaba87e143d15d41307beb289960285734512601bb91ab26,REPRODUCED_OFFICIAL_SURVEY_ESTIMATE_CROSSTAB,NTA total-income class is not F71561 equivalized disposable-income decile; any bridge requires an explicit transport assumption
4,200万円,1500000,2000000,False,real_estate,不動産所得者,54540,D75,C75,200万円,380979,D12,804398,D97,0.14315749687,0.0678022570916,NTA Sample Survey population: persons with positive self-assessed income tax,SURVEY_ESTIMATED_POPULATION_CELL,NTA-2024-SHINKOKU-T2-XLSX,data/raw/nta/nta_2024_shinkoku_sample_table2.xlsx,a134dc943714152ae351316b3442d8171705c65076c2b7e2f0a0aee7a7e1c791,NTA-2024-SHINKOKU-T2-PDF,data/raw/nta/nta_2024_shinkoku_sample_table2.pdf,9ebc7580d3922d7dfaba87e143d15d41307beb289960285734512601bb91ab26,REPRODUCED_OFFICIAL_SURVEY_ESTIMATE_CROSSTAB,NTA total-income class is not F71561 equivalized disposable-income decile; any bridge requires an explicit transport assumption
4,200万円,1500000,2000000,False,salary,給与所得者,130046,D103,C103,200万円,380979,D12,2385726,D125,0.341346898385,0.0545100317471,NTA Sample Survey population: persons with positive self-assessed income tax,SURVEY_ESTIMATED_POPULATION_CELL,NTA-2024-SHINKOKU-T2-XLSX,data/raw/nta/nta_2024_shinkoku_sample_table2.xlsx,a134dc943714152ae351316b3442d8171705c65076c2b7e2f0a0aee7a7e1c791,NTA-2024-SHINKOKU-T2-PDF,data/raw/nta/nta_2024_shinkoku_sample_table2.pdf,9ebc7580d3922d7dfaba87e143d15d41307beb289960285734512601bb91ab26,REPRODUCED_OFFICIAL_SURVEY_ESTIMATE_CROSSTAB,NTA total-income class is not F71561 equivalized disposable-income decile; any bridge requires an explicit transport assumption
4,200万円,1500000,2000000,False,miscellaneous,雑所得者,72709,D138,C138,200万円,380979,D12,411376,D160,0.190847789511,0.176745848081,NTA Sample Survey population: persons with positive self-assessed income tax,SURVEY_ESTIMATED_POPULATION_CELL,NTA-2024-SHINKOKU-T2-XLSX,data/raw/nta/nta_2024_shinkoku_sample_table2.xlsx,a134dc943714152ae351316b3442d8171705c65076c2b7e2f0a0aee7a7e1c791,NTA-2024-SHINKOKU-T2-PDF,data/raw/nta/nta_2024_shinkoku_sample_table2.pdf,9ebc7580d3922d7dfaba87e143d15d41307beb289960285734512601bb91ab26,REPRODUCED_OFFICIAL_SURVEY_ESTIMATE_CROSSTAB,NTA total-income class is not F71561 equivalized disposable-income decile; any bridge requires an explicit transport assumption
4,200万円,1500000,2000000,False,other,他の区分に該当しない所得者,12933,D166,C166,200万円,380979,D12,382695,D188,0.0339467529706,0.0337945361188,NTA Sample Survey population: persons with positive self-assessed income tax,SURVEY_ESTIMATED_POPULATION_CELL,NTA-2024-SHINKOKU-T2-XLSX,data/raw/nta/nta_2024_shinkoku_sample_table2.xlsx,a134dc943714152ae351316b3442d8171705c65076c2b7e2f0a0aee7a7e1c791,NTA-2024-SHINKOKU-T2-PDF,data/raw/nta/nta_2024_shinkoku_sample_table2.pdf,9ebc7580d3922d7dfaba87e143d15d41307beb289960285734512601bb91ab26,REPRODUCED_OFFICIAL_SURVEY_ESTIMATE_CROSSTAB,NTA total-income class is not F71561 equivalized disposable-income decile; any bridge requires an explicit transport assumption
5,250万円,2000000,2500000,False,business,事業所得者,116159,D41,C41,250万円,434621,D13,1174065,D62,0.267265042416,0.0989374523557,NTA Sample Survey population: persons with positive self-assessed income tax,SURVEY_ESTIMATED_POPULATION_CELL,NTA-2024-SHINKOKU-T2-XLSX,data/raw/nta/nta_2024_shinkoku_sample_table2.xlsx,a134dc943714152ae351316b3442d8171705c65076c2b7e2f0a0aee7a7e1c791,NTA-2024-SHINKOKU-T2-PDF,data/raw/nta/nta_2024_shinkoku_sample_table2.pdf,9ebc7580d3922d7dfaba87e143d15d41307beb289960285734512601bb91ab26,REPRODUCED_OFFICIAL_SURVEY_ESTIMATE_CROSSTAB,NTA total-income class is not F71561 equivalized disposable-income decile; any bridge requires an explicit transport assumption
5,250万円,2000000,2500000,False,real_estate,不動産所得者,60515,D76,C76,250万円,434621,D13,804398,D97,0.139236254116,0.0752301721287,NTA Sample Survey population: persons with positive self-assessed income tax,SURVEY_ESTIMATED_POPULATION_CELL,NTA-2024-SHINKOKU-T2-XLSX,data/raw/nta/nta_2024_shinkoku_sample_table2.xlsx,a134dc943714152ae351316b3442d8171705c65076c2b7e2f0a0aee7a7e1c791,NTA-2024-SHINKOKU-T2-PDF,data/raw/nta/nta_2024_shinkoku_sample_table2.pdf,9ebc7580d3922d7dfaba87e143d15d41307beb289960285734512601bb91ab26,REPRODUCED_OFFICIAL_SURVEY_ESTIMATE_CROSSTAB,NTA total-income class is not F71561 equivalized disposable-income decile; any bridge requires an explicit transport assumption
5,250万円,2000000,2500000,False,salary,給与所得者,174464,D104,C104,250万円,434621,D13,2385726,D125,0.401416406478,0.0731282636816,NTA Sample Survey population: persons with positive self-assessed income tax,SURVEY_ESTIMATED_POPULATION_CELL,NTA-2024-SHINKOKU-T2-XLSX,data/raw/nta/nta_2024_shinkoku_sample_table2.xlsx,a134dc943714152ae351316b3442d8171705c65076c2b7e2f0a0aee7a7e1c791,NTA-2024-SHINKOKU-T2-PDF,data/raw/nta/nta_2024_shinkoku_sample_table2.pdf,9ebc7580d3922d7dfaba87e143d15d41307beb289960285734512601bb91ab26,REPRODUCED_OFFICIAL_SURVEY_ESTIMATE_CROSSTAB,NTA total-income class is not F71561 equivalized disposable-income decile; any bridge requires an explicit transport assumption
5,250万円,2000000,2500000,False,miscellaneous,雑所得者,71024,D139,C139,250万円,434621,D13,411376,D160,0.163415941706,0.17264983859,NTA Sample Survey population: persons with positive self-assessed income tax,SURVEY_ESTIMATED_POPULATION_CELL,NTA-2024-SHINKOKU-T2-XLSX,data/raw/nta/nta_2024_shinkoku_sample_table2.xlsx,a134dc943714152ae351316b3442d8171705c65076c2b7e2f0a0aee7a7e1c791,NTA-2024-SHINKOKU-T2-PDF,data/raw/nta/nta_2024_shinkoku_sample_table2.pdf,9ebc7580d3922d7dfaba87e143d15d41307beb289960285734512601bb91ab26,REPRODUCED_OFFICIAL_SURVEY_ESTIMATE_CROSSTAB,NTA total-income class is not F71561 equivalized disposable-income decile; any bridge requires an explicit transport assumption
5,250万円,2000000,2500000,False,other,他の区分に該当しない所得者,12459,D167,C167,250万円,434621,D13,382695,D188,0.0286663552843,0.0325559518677,NTA Sample Survey population: persons with positive self-assessed income tax,SURVEY_ESTIMATED_POPULATION_CELL,NTA-2024-SHINKOKU-T2-XLSX,data/raw/nta/nta_2024_shinkoku_sample_table2.xlsx,a134dc943714152ae351316b3442d8171705c65076c2b7e2f0a0aee7a7e1c791,NTA-2024-SHINKOKU-T2-PDF,data/raw/nta/nta_2024_shinkoku_sample_table2.pdf,9ebc7580d3922d7dfaba87e143d15d41307beb289960285734512601bb91ab26,REPRODUCED_OFFICIAL_SURVEY_ESTIMATE_CROSSTAB,NTA total-income class is not F71561 equivalized disposable-income decile; any bridge requires an explicit transport assumption
6,300万円,2500000,3000000,False,business,事業所得者,115841,D42,C42,300万円,435915,D14,1174065,D62,0.265742174506,0.0986665985273,NTA Sample Survey population: persons with positive self-assessed income tax,SURVEY_ESTIMATED_POPULATION_CELL,NTA-2024-SHINKOKU-T2-XLSX,data/raw/nta/nta_2024_shinkoku_sample_table2.xlsx,a134dc943714152ae351316b3442d8171705c65076c2b7e2f0a0aee7a7e1c791,NTA-2024-SHINKOKU-T2-PDF,data/raw/nta/nta_2024_shinkoku_sample_table2.pdf,9ebc7580d3922d7dfaba87e143d15d41307beb289960285734512601bb91ab26,REPRODUCED_OFFICIAL_SURVEY_ESTIMATE_CROSSTAB,NTA total-income class is not F71561 equivalized disposable-income decile; any bridge requires an explicit transport assumption
6,300万円,2500000,3000000,False,real_estate,不動産所得者,63122,D77,C77,300万円,435915,D14,804398,D97,0.14480345939,0.0784711050997,NTA Sample Survey population: persons with positive self-assessed income tax,SURVEY_ESTIMATED_POPULATION_CELL,NTA-2024-SHINKOKU-T2-XLSX,data/raw/nta/nta_2024_shinkoku_sample_table2.xlsx,a134dc943714152ae351316b3442d8171705c65076c2b7e2f0a0aee7a7e1c791,NTA-2024-SHINKOKU-T2-PDF,data/raw/nta/nta_2024_shinkoku_sample_table2.pdf,9ebc7580d3922d7dfaba87e143d15d41307beb289960285734512601bb91ab26,REPRODUCED_OFFICIAL_SURVEY_ESTIMATE_CROSSTAB,NTA total-income class is not F71561 equivalized disposable-income decile; any bridge requires an explicit transport assumption
6,300万円,2500000,3000000,False,salary,給与所得者,181588,D105,C105,300万円,435915,D14,2385726,D125,0.416567450076,0.0761143568038,NTA Sample Survey population: persons with positive self-assessed income tax,SURVEY_ESTIMATED_POPULATION_CELL,NTA-2024-SHINKOKU-T2-XLSX,data/raw/nta/nta_2024_shinkoku_sample_table2.xlsx,a134dc943714152ae351316b3442d8171705c65076c2b7e2f0a0aee7a7e1c791,NTA-2024-SHINKOKU-T2-PDF,data/raw/nta/nta_2024_shinkoku_sample_table2.pdf,9ebc7580d3922d7dfaba87e143d15d41307beb289960285734512601bb91ab26,REPRODUCED_OFFICIAL_SURVEY_ESTIMATE_CROSSTAB,NTA total-income class is not F71561 equivalized disposable-income decile; any bridge requires an explicit transport assumption
6,300万円,2500000,3000000,False,miscellaneous,雑所得者,62083,D140,C140,300万円,435915,D14,411376,D160,0.142419967195,0.150915464198,NTA Sample Survey population: persons with positive self-assessed income tax,SURVEY_ESTIMATED_POPULATION_CELL,NTA-2024-SHINKOKU-T2-XLSX,data/raw/nta/nta_2024_shinkoku_sample_table2.xlsx,a134dc943714152ae351316b3442d8171705c65076c2b7e2f0a0aee7a7e1c791,NTA-2024-SHINKOKU-T2-PDF,data/raw/nta/nta_2024_shinkoku_sample_table2.pdf,9ebc7580d3922d7dfaba87e143d15d41307beb289960285734512601bb91ab26,REPRODUCED_OFFICIAL_SURVEY_ESTIMATE_CROSSTAB,NTA total-income class is not F71561 equivalized disposable-income decile; any bridge requires an explicit transport assumption
6,300万円,2500000,3000000,False,other,他の区分に該当しない所得者,13281,D168,C168,300万円,435915,D14,382695,D188,0.0304669488318,0.0347038764551,NTA Sample Survey population: persons with positive self-assessed income tax,SURVEY_ESTIMATED_POPULATION_CELL,NTA-2024-SHINKOKU-T2-XLSX,data/raw/nta/nta_2024_shinkoku_sample_table2.xlsx,a134dc943714152ae351316b3442d8171705c65076c2b7e2f0a0aee7a7e1c791,NTA-2024-SHINKOKU-T2-PDF,data/raw/nta/nta_2024_shinkoku_sample_table2.pdf,9ebc7580d3922d7dfaba87e143d15d41307beb289960285734512601bb91ab26,REPRODUCED_OFFICIAL_SURVEY_ESTIMATE_CROSSTAB,NTA total-income class is not F71561 equivalized disposable-income decile; any bridge requires an explicit transport assumption
7,400万円,3000000,4000000,False,business,事業所得者,199937,D43,C43,400万円,800193,D15,1174065,D62,0.249860971041,0.170294660006,NTA Sample Survey population: persons with positive self-assessed income tax,SURVEY_ESTIMATED_POPULATION_CELL,NTA-2024-SHINKOKU-T2-XLSX,data/raw/nta/nta_2024_shinkoku_sample_table2.xlsx,a134dc943714152ae351316b3442d8171705c65076c2b7e2f0a0aee7a7e1c791,NTA-2024-SHINKOKU-T2-PDF,data/raw/nta/nta_2024_shinkoku_sample_table2.pdf,9ebc7580d3922d7dfaba87e143d15d41307beb289960285734512601bb91ab26,REPRODUCED_OFFICIAL_SURVEY_ESTIMATE_CROSSTAB,NTA total-income class is not F71561 equivalized disposable-income decile; any bridge requires an explicit transport assumption
7,400万円,3000000,4000000,False,real_estate,不動産所得者,124665,D78,C78,400万円,800193,D15,804398,D97,0.155793664778,0.154979251565,NTA Sample Survey population: persons with positive self-assessed income tax,SURVEY_ESTIMATED_POPULATION_CELL,NTA-2024-SHINKOKU-T2-XLSX,data/raw/nta/nta_2024_shinkoku_sample_table2.xlsx,a134dc943714152ae351316b3442d8171705c65076c2b7e2f0a0aee7a7e1c791,NTA-2024-SHINKOKU-T2-PDF,data/raw/nta/nta_2024_shinkoku_sample_table2.pdf,9ebc7580d3922d7dfaba87e143d15d41307beb289960285734512601bb91ab26,REPRODUCED_OFFICIAL_SURVEY_ESTIMATE_CROSSTAB,NTA total-income class is not F71561 equivalized disposable-income decile; any bridge requires an explicit transport assumption
7,400万円,3000000,4000000,False,salary,給与所得者,368173,D106,C106,400万円,800193,D15,2385726,D125,0.460105249609,0.154323254221,NTA Sample Survey population: persons with positive self-assessed income tax,SURVEY_ESTIMATED_POPULATION_CELL,NTA-2024-SHINKOKU-T2-XLSX,data/raw/nta/nta_2024_shinkoku_sample_table2.xlsx,a134dc943714152ae351316b3442d8171705c65076c2b7e2f0a0aee7a7e1c791,NTA-2024-SHINKOKU-T2-PDF,data/raw/nta/nta_2024_shinkoku_sample_table2.pdf,9ebc7580d3922d7dfaba87e143d15d41307beb289960285734512601bb91ab26,REPRODUCED_OFFICIAL_SURVEY_ESTIMATE_CROSSTAB,NTA total-income class is not F71561 equivalized disposable-income decile; any bridge requires an explicit transport assumption
7,400万円,3000000,4000000,False,miscellaneous,雑所得者,82463,D141,C141,400万円,800193,D15,411376,D160,0.103053888249,0.200456516666,NTA Sample Survey population: persons with positive self-assessed income tax,SURVEY_ESTIMATED_POPULATION_CELL,NTA-2024-SHINKOKU-T2-XLSX,data/raw/nta/nta_2024_shinkoku_sample_table2.xlsx,a134dc943714152ae351316b3442d8171705c65076c2b7e2f0a0aee7a7e1c791,NTA-2024-SHINKOKU-T2-PDF,data/raw/nta/nta_2024_shinkoku_sample_table2.pdf,9ebc7580d3922d7dfaba87e143d15d41307beb289960285734512601bb91ab26,REPRODUCED_OFFICIAL_SURVEY_ESTIMATE_CROSSTAB,NTA total-income class is not F71561 equivalized disposable-income decile; any bridge requires an explicit transport assumption
7,400万円,3000000,4000000,False,other,他の区分に該当しない所得者,24955,D169,C169,400万円,800193,D15,382695,D188,0.0311862263229,0.0652085864723,NTA Sample Survey population: persons with positive self-assessed income tax,SURVEY_ESTIMATED_POPULATION_CELL,NTA-2024-SHINKOKU-T2-XLSX,data/raw/nta/nta_2024_shinkoku_sample_table2.xlsx,a134dc943714152ae351316b3442d8171705c65076c2b7e2f0a0aee7a7e1c791,NTA-2024-SHINKOKU-T2-PDF,data/raw/nta/nta_2024_shinkoku_sample_table2.pdf,9ebc7580d3922d7dfaba87e143d15d41307beb289960285734512601bb91ab26,REPRODUCED_OFFICIAL_SURVEY_ESTIMATE_CROSSTAB,NTA total-income class is not F71561 equivalized disposable-income decile; any bridge requires an explicit transport assumption
8,500万円,4000000,5000000,False,business,事業所得者,146140,D44,C44,500万円,601798,D16,1174065,D62,0.242838959252,0.124473517224,NTA Sample Survey population: persons with positive self-assessed income tax,SURVEY_ESTIMATED_POPULATION_CELL,NTA-2024-SHINKOKU-T2-XLSX,data/raw/nta/nta_2024_shinkoku_sample_table2.xlsx,a134dc943714152ae351316b3442d8171705c65076c2b7e2f0a0aee7a7e1c791,NTA-2024-SHINKOKU-T2-PDF,data/raw/nta/nta_2024_shinkoku_sample_table2.pdf,9ebc7580d3922d7dfaba87e143d15d41307beb289960285734512601bb91ab26,REPRODUCED_OFFICIAL_SURVEY_ESTIMATE_CROSSTAB,NTA total-income class is not F71561 equivalized disposable-income decile; any bridge requires an explicit transport assumption
8,500万円,4000000,5000000,False,real_estate,不動産所得者,104065,D79,C79,500万円,601798,D16,804398,D97,0.17292347266,0.129370038215,NTA Sample Survey population: persons with positive self-assessed income tax,SURVEY_ESTIMATED_POPULATION_CELL,NTA-2024-SHINKOKU-T2-XLSX,data/raw/nta/nta_2024_shinkoku_sample_table2.xlsx,a134dc943714152ae351316b3442d8171705c65076c2b7e2f0a0aee7a7e1c791,NTA-2024-SHINKOKU-T2-PDF,data/raw/nta/nta_2024_shinkoku_sample_table2.pdf,9ebc7580d3922d7dfaba87e143d15d41307beb289960285734512601bb91ab26,REPRODUCED_OFFICIAL_SURVEY_ESTIMATE_CROSSTAB,NTA total-income class is not F71561 equivalized disposable-income decile; any bridge requires an explicit transport assumption
8,500万円,4000000,5000000,False,salary,給与所得者,291420,D107,C107,500万円,601798,D16,2385726,D125,0.48424886756,0.122151496023,NTA Sample Survey population: persons with positive self-assessed income tax,SURVEY_ESTIMATED_POPULATION_CELL,NTA-2024-SHINKOKU-T2-XLSX,data/raw/nta/nta_2024_shinkoku_sample_table2.xlsx,a134dc943714152ae351316b3442d8171705c65076c2b7e2f0a0aee7a7e1c791,NTA-2024-SHINKOKU-T2-PDF,data/raw/nta/nta_2024_shinkoku_sample_table2.pdf,9ebc7580d3922d7dfaba87e143d15d41307beb289960285734512601bb91ab26,REPRODUCED_OFFICIAL_SURVEY_ESTIMATE_CROSSTAB,NTA total-income class is not F71561 equivalized disposable-income decile; any bridge requires an explicit transport assumption
8,500万円,4000000,5000000,False,miscellaneous,雑所得者,36782,D142,C142,500万円,601798,D16,411376,D160,0.0611201765376,0.0894121193264,NTA Sample Survey population: persons with positive self-assessed income tax,SURVEY_ESTIMATED_POPULATION_CELL,NTA-2024-SHINKOKU-T2-XLSX,data/raw/nta/nta_2024_shinkoku_sample_table2.xlsx,a134dc943714152ae351316b3442d8171705c65076c2b7e2f0a0aee7a7e1c791,NTA-2024-SHINKOKU-T2-PDF,data/raw/nta/nta_2024_shinkoku_sample_table2.pdf,9ebc7580d3922d7dfaba87e143d15d41307beb289960285734512601bb91ab26,REPRODUCED_OFFICIAL_SURVEY_ESTIMATE_CROSSTAB,NTA total-income class is not F71561 equivalized disposable-income decile; any bridge requires an explicit transport assumption
8,500万円,4000000,5000000,False,other,他の区分に該当しない所得者,23391,D170,C170,500万円,601798,D16,382695,D188,0.0388685239898,0.0611217810528,NTA Sample Survey population: persons with positive self-assessed income tax,SURVEY_ESTIMATED_POPULATION_CELL,NTA-2024-SHINKOKU-T2-XLSX,data/raw/nta/nta_2024_shinkoku_sample_table2.xlsx,a134dc943714152ae351316b3442d8171705c65076c2b7e2f0a0aee7a7e1c791,NTA-2024-SHINKOKU-T2-PDF,data/raw/nta/nta_2024_shinkoku_sample_table2.pdf,9ebc7580d3922d7dfaba87e143d15d41307beb289960285734512601bb91ab26,REPRODUCED_OFFICIAL_SURVEY_ESTIMATE_CROSSTAB,NTA total-income class is not F71561 equivalized disposable-income decile; any bridge requires an explicit transport assumption
9,600万円,5000000,6000000,False,business,事業所得者,102885,D45,C45,600万円,424983,D17,1174065,D62,0.242092036623,0.0876314343754,NTA Sample Survey population: persons with positive self-assessed income tax,SURVEY_ESTIMATED_POPULATION_CELL,NTA-2024-SHINKOKU-T2-XLSX,data/raw/nta/nta_2024_shinkoku_sample_table2.xlsx,a134dc943714152ae351316b3442d8171705c65076c2b7e2f0a0aee7a7e1c791,NTA-2024-SHINKOKU-T2-PDF,data/raw/nta/nta_2024_shinkoku_sample_table2.pdf,9ebc7580d3922d7dfaba87e143d15d41307beb289960285734512601bb91ab26,REPRODUCED_OFFICIAL_SURVEY_ESTIMATE_CROSSTAB,NTA total-income class is not F71561 equivalized disposable-income decile; any bridge requires an explicit transport assumption
9,600万円,5000000,6000000,False,real_estate,不動産所得者,79335,D80,C80,600万円,424983,D17,804398,D97,0.186678055358,0.0986265505384,NTA Sample Survey population: persons with positive self-assessed income tax,SURVEY_ESTIMATED_POPULATION_CELL,NTA-2024-SHINKOKU-T2-XLSX,data/raw/nta/nta_2024_shinkoku_sample_table2.xlsx,a134dc943714152ae351316b3442d8171705c65076c2b7e2f0a0aee7a7e1c791,NTA-2024-SHINKOKU-T2-PDF,data/raw/nta/nta_2024_shinkoku_sample_table2.pdf,9ebc7580d3922d7dfaba87e143d15d41307beb289960285734512601bb91ab26,REPRODUCED_OFFICIAL_SURVEY_ESTIMATE_CROSSTAB,NTA total-income class is not F71561 equivalized disposable-income decile; any bridge requires an explicit transport assumption
9,600万円,5000000,6000000,False,salary,給与所得者,202813,D108,C108,600万円,424983,D17,2385726,D125,0.477226147869,0.0850110197064,NTA Sample Survey population: persons with positive self-assessed income tax,SURVEY_ESTIMATED_POPULATION_CELL,NTA-2024-SHINKOKU-T2-XLSX,data/raw/nta/nta_2024_shinkoku_sample_table2.xlsx,a134dc943714152ae351316b3442d8171705c65076c2b7e2f0a0aee7a7e1c791,NTA-2024-SHINKOKU-T2-PDF,data/raw/nta/nta_2024_shinkoku_sample_table2.pdf,9ebc7580d3922d7dfaba87e143d15d41307beb289960285734512601bb91ab26,REPRODUCED_OFFICIAL_SURVEY_ESTIMATE_CROSSTAB,NTA total-income class is not F71561 equivalized disposable-income decile; any bridge requires an explicit transport assumption
9,600万円,5000000,6000000,False,miscellaneous,雑所得者,19374,D143,C143,600万円,424983,D17,411376,D160,0.0455877058612,0.0470956011046,NTA Sample Survey population: persons with positive self-assessed income tax,SURVEY_ESTIMATED_POPULATION_CELL,NTA-2024-SHINKOKU-T2-XLSX,data/raw/nta/nta_2024_shinkoku_sample_table2.xlsx,a134dc943714152ae351316b3442d8171705c65076c2b7e2f0a0aee7a7e1c791,NTA-2024-SHINKOKU-T2-PDF,data/raw/nta/nta_2024_shinkoku_sample_table2.pdf,9ebc7580d3922d7dfaba87e143d15d41307beb289960285734512601bb91ab26,REPRODUCED_OFFICIAL_SURVEY_ESTIMATE_CROSSTAB,NTA total-income class is not F71561 equivalized disposable-income decile; any bridge requires an explicit transport assumption
9,600万円,5000000,6000000,False,other,他の区分に該当しない所得者,20576,D171,C171,600万円,424983,D17,382695,D188,0.0484160542892,0.0537660539072,NTA Sample Survey population: persons with positive self-assessed income tax,SURVEY_ESTIMATED_POPULATION_CELL,NTA-2024-SHINKOKU-T2-XLSX,data/raw/nta/nta_2024_shinkoku_sample_table2.xlsx,a134dc943714152ae351316b3442d8171705c65076c2b7e2f0a0aee7a7e1c791,NTA-2024-SHINKOKU-T2-PDF,data/raw/nta/nta_2024_shinkoku_sample_table2.pdf,9ebc7580d3922d7dfaba87e143d15d41307beb289960285734512601bb91ab26,REPRODUCED_OFFICIAL_SURVEY_ESTIMATE_CROSSTAB,NTA total-income class is not F71561 equivalized disposable-income decile; any bridge requires an explicit transport assumption
10,700万円,6000000,7000000,False,business,事業所得者,72538,D46,C46,700万円,319109,D18,1174065,D62,0.227314177914,0.0617836320817,NTA Sample Survey population: persons with positive self-assessed income tax,SURVEY_ESTIMATED_POPULATION_CELL,NTA-2024-SHINKOKU-T2-XLSX,data/raw/nta/nta_2024_shinkoku_sample_table2.xlsx,a134dc943714152ae351316b3442d8171705c65076c2b7e2f0a0aee7a7e1c791,NTA-2024-SHINKOKU-T2-PDF,data/raw/nta/nta_2024_shinkoku_sample_table2.pdf,9ebc7580d3922d7dfaba87e143d15d41307beb289960285734512601bb91ab26,REPRODUCED_OFFICIAL_SURVEY_ESTIMATE_CROSSTAB,NTA total-income class is not F71561 equivalized disposable-income decile; any bridge requires an explicit transport assumption
10,700万円,6000000,7000000,False,real_estate,不動産所得者,60129,D81,C81,700万円,319109,D18,804398,D97,0.188427778596,0.0747503101698,NTA Sample Survey population: persons with positive self-assessed income tax,SURVEY_ESTIMATED_POPULATION_CELL,NTA-2024-SHINKOKU-T2-XLSX,data/raw/nta/nta_2024_shinkoku_sample_table2.xlsx,a134dc943714152ae351316b3442d8171705c65076c2b7e2f0a0aee7a7e1c791,NTA-2024-SHINKOKU-T2-PDF,data/raw/nta/nta_2024_shinkoku_sample_table2.pdf,9ebc7580d3922d7dfaba87e143d15d41307beb289960285734512601bb91ab26,REPRODUCED_OFFICIAL_SURVEY_ESTIMATE_CROSSTAB,NTA total-income class is not F71561 equivalized disposable-income decile; any bridge requires an explicit transport assumption
10,700万円,6000000,7000000,False,salary,給与所得者,156337,D109,C109,700万円,319109,D18,2385726,D125,0.48991723831,0.0655301572771,NTA Sample Survey population: persons with positive self-assessed income tax,SURVEY_ESTIMATED_POPULATION_CELL,NTA-2024-SHINKOKU-T2-XLSX,data/raw/nta/nta_2024_shinkoku_sample_table2.xlsx,a134dc943714152ae351316b3442d8171705c65076c2b7e2f0a0aee7a7e1c791,NTA-2024-SHINKOKU-T2-PDF,data/raw/nta/nta_2024_shinkoku_sample_table2.pdf,9ebc7580d3922d7dfaba87e143d15d41307beb289960285734512601bb91ab26,REPRODUCED_OFFICIAL_SURVEY_ESTIMATE_CROSSTAB,NTA total-income class is not F71561 equivalized disposable-income decile; any bridge requires an explicit transport assumption
10,700万円,6000000,7000000,False,miscellaneous,雑所得者,10998,D144,C144,700万円,319109,D18,411376,D160,0.0344647126844,0.0267346660962,NTA Sample Survey population: persons with positive self-assessed income tax,SURVEY_ESTIMATED_POPULATION_CELL,NTA-2024-SHINKOKU-T2-XLSX,data/raw/nta/nta_2024_shinkoku_sample_table2.xlsx,a134dc943714152ae351316b3442d8171705c65076c2b7e2f0a0aee7a7e1c791,NTA-2024-SHINKOKU-T2-PDF,data/raw/nta/nta_2024_shinkoku_sample_table2.pdf,9ebc7580d3922d7dfaba87e143d15d41307beb289960285734512601bb91ab26,REPRODUCED_OFFICIAL_SURVEY_ESTIMATE_CROSSTAB,NTA total-income class is not F71561 equivalized disposable-income decile; any bridge requires an explicit transport assumption
10,700万円,6000000,7000000,False,other,他の区分に該当しない所得者,19107,D172,C172,700万円,319109,D18,382695,D188,0.059876092495,0.0499274879473,NTA Sample Survey population: persons with positive self-assessed income tax,SURVEY_ESTIMATED_POPULATION_CELL,NTA-2024-SHINKOKU-T2-XLSX,data/raw/nta/nta_2024_shinkoku_sample_table2.xlsx,a134dc943714152ae351316b3442d8171705c65076c2b7e2f0a0aee7a7e1c791,NTA-2024-SHINKOKU-T2-PDF,data/raw/nta/nta_2024_shinkoku_sample_table2.pdf,9ebc7580d3922d7dfaba87e143d15d41307beb289960285734512601bb91ab26,REPRODUCED_OFFICIAL_SURVEY_ESTIMATE_CROSSTAB,NTA total-income class is not F71561 equivalized disposable-income decile; any bridge requires an explicit transport assumption
11,800万円,7000000,8000000,False,business,事業所得者,50769,D47,C47,800万円,238971,D19,1174065,D62,0.212448372397,0.043242069221,NTA Sample Survey population: persons with positive self-assessed income tax,SURVEY_ESTIMATED_POPULATION_CELL,NTA-2024-SHINKOKU-T2-XLSX,data/raw/nta/nta_2024_shinkoku_sample_table2.xlsx,a134dc943714152ae351316b3442d8171705c65076c2b7e2f0a0aee7a7e1c791,NTA-2024-SHINKOKU-T2-PDF,data/raw/nta/nta_2024_shinkoku_sample_table2.pdf,9ebc7580d3922d7dfaba87e143d15d41307beb289960285734512601bb91ab26,REPRODUCED_OFFICIAL_SURVEY_ESTIMATE_CROSSTAB,NTA total-income class is not F71561 equivalized disposable-income decile; any bridge requires an explicit transport assumption
11,800万円,7000000,8000000,False,real_estate,不動産所得者,45986,D82,C82,800万円,238971,D19,804398,D97,0.192433391499,0.0571682177231,NTA Sample Survey population: persons with positive self-assessed income tax,SURVEY_ESTIMATED_POPULATION_CELL,NTA-2024-SHINKOKU-T2-XLSX,data/raw/nta/nta_2024_shinkoku_sample_table2.xlsx,a134dc943714152ae351316b3442d8171705c65076c2b7e2f0a0aee7a7e1c791,NTA-2024-SHINKOKU-T2-PDF,data/raw/nta/nta_2024_shinkoku_sample_table2.pdf,9ebc7580d3922d7dfaba87e143d15d41307beb289960285734512601bb91ab26,REPRODUCED_OFFICIAL_SURVEY_ESTIMATE_CROSSTAB,NTA total-income class is not F71561 equivalized disposable-income decile; any bridge requires an explicit transport assumption
11,800万円,7000000,8000000,False,salary,給与所得者,119598,D110,C110,800万円,238971,D19,2385726,D125,0.50047076842,0.0501306520531,NTA Sample Survey population: persons with positive self-assessed income tax,SURVEY_ESTIMATED_POPULATION_CELL,NTA-2024-SHINKOKU-T2-XLSX,data/raw/nta/nta_2024_shinkoku_sample_table2.xlsx,a134dc943714152ae351316b3442d8171705c65076c2b7e2f0a0aee7a7e1c791,NTA-2024-SHINKOKU-T2-PDF,data/raw/nta/nta_2024_shinkoku_sample_table2.pdf,9ebc7580d3922d7dfaba87e143d15d41307beb289960285734512601bb91ab26,REPRODUCED_OFFICIAL_SURVEY_ESTIMATE_CROSSTAB,NTA total-income class is not F71561 equivalized disposable-income decile; any bridge requires an explicit transport assumption
11,800万円,7000000,8000000,False,miscellaneous,雑所得者,6285,D145,C145,800万円,238971,D19,411376,D160,0.0263002623749,0.0152779938548,NTA Sample Survey population: persons with positive self-assessed income tax,SURVEY_ESTIMATED_POPULATION_CELL,NTA-2024-SHINKOKU-T2-XLSX,data/raw/nta/nta_2024_shinkoku_sample_table2.xlsx,a134dc943714152ae351316b3442d8171705c65076c2b7e2f0a0aee7a7e1c791,NTA-2024-SHINKOKU-T2-PDF,data/raw/nta/nta_2024_shinkoku_sample_table2.pdf,9ebc7580d3922d7dfaba87e143d15d41307beb289960285734512601bb91ab26,REPRODUCED_OFFICIAL_SURVEY_ESTIMATE_CROSSTAB,NTA total-income class is not F71561 equivalized disposable-income decile; any bridge requires an explicit transport assumption
11,800万円,7000000,8000000,False,other,他の区分に該当しない所得者,16333,D173,C173,800万円,238971,D19,382695,D188,0.0683472053094,0.0426788957264,NTA Sample Survey population: persons with positive self-assessed income tax,SURVEY_ESTIMATED_POPULATION_CELL,NTA-2024-SHINKOKU-T2-XLSX,data/raw/nta/nta_2024_shinkoku_sample_table2.xlsx,a134dc943714152ae351316b3442d8171705c65076c2b7e2f0a0aee7a7e1c791,NTA-2024-SHINKOKU-T2-PDF,data/raw/nta/nta_2024_shinkoku_sample_table2.pdf,9ebc7580d3922d7dfaba87e143d15d41307beb289960285734512601bb91ab26,REPRODUCED_OFFICIAL_SURVEY_ESTIMATE_CROSSTAB,NTA total-income class is not F71561 equivalized disposable-income decile; any bridge requires an explicit transport assumption
12,"1,000万円",8000000,10000000,False,business,事業所得者,62406,D48,C48,"1,000万円",323480,D20,1174065,D62,0.192920736985,0.0531537862043,NTA Sample Survey population: persons with positive self-assessed income tax,SURVEY_ESTIMATED_POPULATION_CELL,NTA-2024-SHINKOKU-T2-XLSX,data/raw/nta/nta_2024_shinkoku_sample_table2.xlsx,a134dc943714152ae351316b3442d8171705c65076c2b7e2f0a0aee7a7e1c791,NTA-2024-SHINKOKU-T2-PDF,data/raw/nta/nta_2024_shinkoku_sample_table2.pdf,9ebc7580d3922d7dfaba87e143d15d41307beb289960285734512601bb91ab26,REPRODUCED_OFFICIAL_SURVEY_ESTIMATE_CROSSTAB,NTA total-income class is not F71561 equivalized disposable-income decile; any bridge requires an explicit transport assumption
12,"1,000万円",8000000,10000000,False,real_estate,不動産所得者,62030,D83,C83,"1,000万円",323480,D20,804398,D97,0.191758377643,0.077113568159,NTA Sample Survey population: persons with positive self-assessed income tax,SURVEY_ESTIMATED_POPULATION_CELL,NTA-2024-SHINKOKU-T2-XLSX,data/raw/nta/nta_2024_shinkoku_sample_table2.xlsx,a134dc943714152ae351316b3442d8171705c65076c2b7e2f0a0aee7a7e1c791,NTA-2024-SHINKOKU-T2-PDF,data/raw/nta/nta_2024_shinkoku_sample_table2.pdf,9ebc7580d3922d7dfaba87e143d15d41307beb289960285734512601bb91ab26,REPRODUCED_OFFICIAL_SURVEY_ESTIMATE_CROSSTAB,NTA total-income class is not F71561 equivalized disposable-income decile; any bridge requires an explicit transport assumption
12,"1,000万円",8000000,10000000,False,salary,給与所得者,165535,D111,C111,"1,000万円",323480,D20,2385726,D125,0.511731791765,0.069385587448,NTA Sample Survey population: persons with positive self-assessed income tax,SURVEY_ESTIMATED_POPULATION_CELL,NTA-2024-SHINKOKU-T2-XLSX,data/raw/nta/nta_2024_shinkoku_sample_table2.xlsx,a134dc943714152ae351316b3442d8171705c65076c2b7e2f0a0aee7a7e1c791,NTA-2024-SHINKOKU-T2-PDF,data/raw/nta/nta_2024_shinkoku_sample_table2.pdf,9ebc7580d3922d7dfaba87e143d15d41307beb289960285734512601bb91ab26,REPRODUCED_OFFICIAL_SURVEY_ESTIMATE_CROSSTAB,NTA total-income class is not F71561 equivalized disposable-income decile; any bridge requires an explicit transport assumption
12,"1,000万円",8000000,10000000,False,miscellaneous,雑所得者,6800,D146,C146,"1,000万円",323480,D20,411376,D160,0.0210213923581,0.0165298899304,NTA Sample Survey population: persons with positive self-assessed income tax,SURVEY_ESTIMATED_POPULATION_CELL,NTA-2024-SHINKOKU-T2-XLSX,data/raw/nta/nta_2024_shinkoku_sample_table2.xlsx,a134dc943714152ae351316b3442d8171705c65076c2b7e2f0a0aee7a7e1c791,NTA-2024-SHINKOKU-T2-PDF,data/raw/nta/nta_2024_shinkoku_sample_table2.pdf,9ebc7580d3922d7dfaba87e143d15d41307beb289960285734512601bb91ab26,REPRODUCED_OFFICIAL_SURVEY_ESTIMATE_CROSSTAB,NTA total-income class is not F71561 equivalized disposable-income decile; any bridge requires an explicit transport assumption
12,"1,000万円",8000000,10000000,False,other,他の区分に該当しない所得者,26709,D174,C174,"1,000万円",323480,D20,382695,D188,0.0825677012489,0.069791870811,NTA Sample Survey population: persons with positive self-assessed income tax,SURVEY_ESTIMATED_POPULATION_CELL,NTA-2024-SHINKOKU-T2-XLSX,data/raw/nta/nta_2024_shinkoku_sample_table2.xlsx,a134dc943714152ae351316b3442d8171705c65076c2b7e2f0a0aee7a7e1c791,NTA-2024-SHINKOKU-T2-PDF,data/raw/nta/nta_2024_shinkoku_sample_table2.pdf,9ebc7580d3922d7dfaba87e143d15d41307beb289960285734512601bb91ab26,REPRODUCED_OFFICIAL_SURVEY_ESTIMATE_CROSSTAB,NTA total-income class is not F71561 equivalized disposable-income decile; any bridge requires an explicit transport assumption
13,"1,200万円",10000000,12000000,False,business,事業所得者,34052,D49,C49,"1,200万円",207558,D21,1174065,D62,0.164060166315,0.0290035049167,NTA Sample Survey population: persons with positive self-assessed income tax,SURVEY_ESTIMATED_POPULATION_CELL,NTA-2024-SHINKOKU-T2-XLSX,data/raw/nta/nta_2024_shinkoku_sample_table2.xlsx,a134dc943714152ae351316b3442d8171705c65076c2b7e2f0a0aee7a7e1c791,NTA-2024-SHINKOKU-T2-PDF,data/raw/nta/nta_2024_shinkoku_sample_table2.pdf,9ebc7580d3922d7dfaba87e143d15d41307beb289960285734512601bb91ab26,REPRODUCED_OFFICIAL_SURVEY_ESTIMATE_CROSSTAB,NTA total-income class is not F71561 equivalized disposable-income decile; any bridge requires an explicit transport assumption
13,"1,200万円",10000000,12000000,False,real_estate,不動産所得者,36293,D84,C84,"1,200万円",207558,D21,804398,D97,0.174857148363,0.0451182126261,NTA Sample Survey population: persons with positive self-assessed income tax,SURVEY_ESTIMATED_POPULATION_CELL,NTA-2024-SHINKOKU-T2-XLSX,data/raw/nta/nta_2024_shinkoku_sample_table2.xlsx,a134dc943714152ae351316b3442d8171705c65076c2b7e2f0a0aee7a7e1c791,NTA-2024-SHINKOKU-T2-PDF,data/raw/nta/nta_2024_shinkoku_sample_table2.pdf,9ebc7580d3922d7dfaba87e143d15d41307beb289960285734512601bb91ab26,REPRODUCED_OFFICIAL_SURVEY_ESTIMATE_CROSSTAB,NTA total-income class is not F71561 equivalized disposable-income decile; any bridge requires an explicit transport assumption
13,"1,200万円",10000000,12000000,False,salary,給与所得者,112639,D112,C112,"1,200万円",207558,D21,2385726,D125,0.542686863431,0.047213720268,NTA Sample Survey population: persons with positive self-assessed income tax,SURVEY_ESTIMATED_POPULATION_CELL,NTA-2024-SHINKOKU-T2-XLSX,data/raw/nta/nta_2024_shinkoku_sample_table2.xlsx,a134dc943714152ae351316b3442d8171705c65076c2b7e2f0a0aee7a7e1c791,NTA-2024-SHINKOKU-T2-PDF,data/raw/nta/nta_2024_shinkoku_sample_table2.pdf,9ebc7580d3922d7dfaba87e143d15d41307beb289960285734512601bb91ab26,REPRODUCED_OFFICIAL_SURVEY_ESTIMATE_CROSSTAB,NTA total-income class is not F71561 equivalized disposable-income decile; any bridge requires an explicit transport assumption
13,"1,200万円",10000000,12000000,False,miscellaneous,雑所得者,3468,D147,C147,"1,200万円",207558,D21,411376,D160,0.0167085826612,0.00843024386449,NTA Sample Survey population: persons with positive self-assessed income tax,SURVEY_ESTIMATED_POPULATION_CELL,NTA-2024-SHINKOKU-T2-XLSX,data/raw/nta/nta_2024_shinkoku_sample_table2.xlsx,a134dc943714152ae351316b3442d8171705c65076c2b7e2f0a0aee7a7e1c791,NTA-2024-SHINKOKU-T2-PDF,data/raw/nta/nta_2024_shinkoku_sample_table2.pdf,9ebc7580d3922d7dfaba87e143d15d41307beb289960285734512601bb91ab26,REPRODUCED_OFFICIAL_SURVEY_ESTIMATE_CROSSTAB,NTA total-income class is not F71561 equivalized disposable-income decile; any bridge requires an explicit transport assumption
13,"1,200万円",10000000,12000000,False,other,他の区分に該当しない所得者,21106,D175,C175,"1,200万円",207558,D21,382695,D188,0.10168723923,0.0551509687872,NTA Sample Survey population: persons with positive self-assessed income tax,SURVEY_ESTIMATED_POPULATION_CELL,NTA-2024-SHINKOKU-T2-XLSX,data/raw/nta/nta_2024_shinkoku_sample_table2.xlsx,a134dc943714152ae351316b3442d8171705c65076c2b7e2f0a0aee7a7e1c791,NTA-2024-SHINKOKU-T2-PDF,data/raw/nta/nta_2024_shinkoku_sample_table2.pdf,9ebc7580d3922d7dfaba87e143d15d41307beb289960285734512601bb91ab26,REPRODUCED_OFFICIAL_SURVEY_ESTIMATE_CROSSTAB,NTA total-income class is not F71561 equivalized disposable-income decile; any bridge requires an explicit transport assumption
14,"1,500万円",12000000,15000000,False,business,事業所得者,30394,D50,C50,"1,500万円",206672,D22,1174065,D62,0.147063946737,0.0258878341489,NTA Sample Survey population: persons with positive self-assessed income tax,SURVEY_ESTIMATED_POPULATION_CELL,NTA-2024-SHINKOKU-T2-XLSX,data/raw/nta/nta_2024_shinkoku_sample_table2.xlsx,a134dc943714152ae351316b3442d8171705c65076c2b7e2f0a0aee7a7e1c791,NTA-2024-SHINKOKU-T2-PDF,data/raw/nta/nta_2024_shinkoku_sample_table2.pdf,9ebc7580d3922d7dfaba87e143d15d41307beb289960285734512601bb91ab26,REPRODUCED_OFFICIAL_SURVEY_ESTIMATE_CROSSTAB,NTA total-income class is not F71561 equivalized disposable-income decile; any bridge requires an explicit transport assumption
14,"1,500万円",12000000,15000000,False,real_estate,不動産所得者,32127,D85,C85,"1,500万円",206672,D22,804398,D97,0.155449214214,0.0399391843341,NTA Sample Survey population: persons with positive self-assessed income tax,SURVEY_ESTIMATED_POPULATION_CELL,NTA-2024-SHINKOKU-T2-XLSX,data/raw/nta/nta_2024_shinkoku_sample_table2.xlsx,a134dc943714152ae351316b3442d8171705c65076c2b7e2f0a0aee7a7e1c791,NTA-2024-SHINKOKU-T2-PDF,data/raw/nta/nta_2024_shinkoku_sample_table2.pdf,9ebc7580d3922d7dfaba87e143d15d41307beb289960285734512601bb91ab26,REPRODUCED_OFFICIAL_SURVEY_ESTIMATE_CROSSTAB,NTA total-income class is not F71561 equivalized disposable-income decile; any bridge requires an explicit transport assumption
14,"1,500万円",12000000,15000000,False,salary,給与所得者,115326,D113,C113,"1,500万円",206672,D22,2385726,D125,0.55801463188,0.0483400021629,NTA Sample Survey population: persons with positive self-assessed income tax,SURVEY_ESTIMATED_POPULATION_CELL,NTA-2024-SHINKOKU-T2-XLSX,data/raw/nta/nta_2024_shinkoku_sample_table2.xlsx,a134dc943714152ae351316b3442d8171705c65076c2b7e2f0a0aee7a7e1c791,NTA-2024-SHINKOKU-T2-PDF,data/raw/nta/nta_2024_shinkoku_sample_table2.pdf,9ebc7580d3922d7dfaba87e143d15d41307beb289960285734512601bb91ab26,REPRODUCED_OFFICIAL_SURVEY_ESTIMATE_CROSSTAB,NTA total-income class is not F71561 equivalized disposable-income decile; any bridge requires an explicit transport assumption
14,"1,500万円",12000000,15000000,False,miscellaneous,雑所得者,3046,D148,C148,"1,500万円",206672,D22,411376,D160,0.0147383293334,0.00740441834234,NTA Sample Survey population: persons with positive self-assessed income tax,SURVEY_ESTIMATED_POPULATION_CELL,NTA-2024-SHINKOKU-T2-XLSX,data/raw/nta/nta_2024_shinkoku_sample_table2.xlsx,a134dc943714152ae351316b3442d8171705c65076c2b7e2f0a0aee7a7e1c791,NTA-2024-SHINKOKU-T2-PDF,data/raw/nta/nta_2024_shinkoku_sample_table2.pdf,9ebc7580d3922d7dfaba87e143d15d41307beb289960285734512601bb91ab26,REPRODUCED_OFFICIAL_SURVEY_ESTIMATE_CROSSTAB,NTA total-income class is not F71561 equivalized disposable-income decile; any bridge requires an explicit transport assumption
14,"1,500万円",12000000,15000000,False,other,他の区分に該当しない所得者,25779,D176,C176,"1,500万円",206672,D22,382695,D188,0.124733877835,0.0673617371536,NTA Sample Survey population: persons with positive self-assessed income tax,SURVEY_ESTIMATED_POPULATION_CELL,NTA-2024-SHINKOKU-T2-XLSX,data/raw/nta/nta_2024_shinkoku_sample_table2.xlsx,a134dc943714152ae351316b3442d8171705c65076c2b7e2f0a0aee7a7e1c791,NTA-2024-SHINKOKU-T2-PDF,data/raw/nta/nta_2024_shinkoku_sample_table2.pdf,9ebc7580d3922d7dfaba87e143d15d41307beb289960285734512601bb91ab26,REPRODUCED_OFFICIAL_SURVEY_ESTIMATE_CROSSTAB,NTA total-income class is not F71561 equivalized disposable-income decile; any bridge requires an explicit transport assumption
15,"2,000万円",15000000,20000000,False,business,事業所得者,28507,D51,C51,"2,000万円",218798,D23,1174065,D62,0.130289125129,0.0242805977523,NTA Sample Survey population: persons with positive self-assessed income tax,SURVEY_ESTIMATED_POPULATION_CELL,NTA-2024-SHINKOKU-T2-XLSX,data/raw/nta/nta_2024_shinkoku_sample_table2.xlsx,a134dc943714152ae351316b3442d8171705c65076c2b7e2f0a0aee7a7e1c791,NTA-2024-SHINKOKU-T2-PDF,data/raw/nta/nta_2024_shinkoku_sample_table2.pdf,9ebc7580d3922d7dfaba87e143d15d41307beb289960285734512601bb91ab26,REPRODUCED_OFFICIAL_SURVEY_ESTIMATE_CROSSTAB,NTA total-income class is not F71561 equivalized disposable-income decile; any bridge requires an explicit transport assumption
15,"2,000万円",15000000,20000000,False,real_estate,不動産所得者,26287,D86,C86,"2,000万円",218798,D23,804398,D97,0.120142780099,0.0326790966661,NTA Sample Survey population: persons with positive self-assessed income tax,SURVEY_ESTIMATED_POPULATION_CELL,NTA-2024-SHINKOKU-T2-XLSX,data/raw/nta/nta_2024_shinkoku_sample_table2.xlsx,a134dc943714152ae351316b3442d8171705c65076c2b7e2f0a0aee7a7e1c791,NTA-2024-SHINKOKU-T2-PDF,data/raw/nta/nta_2024_shinkoku_sample_table2.pdf,9ebc7580d3922d7dfaba87e143d15d41307beb289960285734512601bb91ab26,REPRODUCED_OFFICIAL_SURVEY_ESTIMATE_CROSSTAB,NTA total-income class is not F71561 equivalized disposable-income decile; any bridge requires an explicit transport assumption
15,"2,000万円",15000000,20000000,False,salary,給与所得者,129945,D114,C114,"2,000万円",218798,D23,2385726,D125,0.593903966215,0.0544676966257,NTA Sample Survey population: persons with positive self-assessed income tax,SURVEY_ESTIMATED_POPULATION_CELL,NTA-2024-SHINKOKU-T2-XLSX,data/raw/nta/nta_2024_shinkoku_sample_table2.xlsx,a134dc943714152ae351316b3442d8171705c65076c2b7e2f0a0aee7a7e1c791,NTA-2024-SHINKOKU-T2-PDF,data/raw/nta/nta_2024_shinkoku_sample_table2.pdf,9ebc7580d3922d7dfaba87e143d15d41307beb289960285734512601bb91ab26,REPRODUCED_OFFICIAL_SURVEY_ESTIMATE_CROSSTAB,NTA total-income class is not F71561 equivalized disposable-income decile; any bridge requires an explicit transport assumption
15,"2,000万円",15000000,20000000,False,miscellaneous,雑所得者,2768,D149,C149,"2,000万円",218798,D23,411376,D160,0.0126509383084,0.00672863754813,NTA Sample Survey population: persons with positive self-assessed income tax,SURVEY_ESTIMATED_POPULATION_CELL,NTA-2024-SHINKOKU-T2-XLSX,data/raw/nta/nta_2024_shinkoku_sample_table2.xlsx,a134dc943714152ae351316b3442d8171705c65076c2b7e2f0a0aee7a7e1c791,NTA-2024-SHINKOKU-T2-PDF,data/raw/nta/nta_2024_shinkoku_sample_table2.pdf,9ebc7580d3922d7dfaba87e143d15d41307beb289960285734512601bb91ab26,REPRODUCED_OFFICIAL_SURVEY_ESTIMATE_CROSSTAB,NTA total-income class is not F71561 equivalized disposable-income decile; any bridge requires an explicit transport assumption
15,"2,000万円",15000000,20000000,False,other,他の区分に該当しない所得者,31291,D177,C177,"2,000万円",218798,D23,382695,D188,0.143013190249,0.0817648519056,NTA Sample Survey population: persons with positive self-assessed income tax,SURVEY_ESTIMATED_POPULATION_CELL,NTA-2024-SHINKOKU-T2-XLSX,data/raw/nta/nta_2024_shinkoku_sample_table2.xlsx,a134dc943714152ae351316b3442d8171705c65076c2b7e2f0a0aee7a7e1c791,NTA-2024-SHINKOKU-T2-PDF,data/raw/nta/nta_2024_shinkoku_sample_table2.pdf,9ebc7580d3922d7dfaba87e143d15d41307beb289960285734512601bb91ab26,REPRODUCED_OFFICIAL_SURVEY_ESTIMATE_CROSSTAB,NTA total-income class is not F71561 equivalized disposable-income decile; any bridge requires an explicit transport assumption
16,"3,000万円",20000000,30000000,False,business,事業所得者,23841,D52,C52,"3,000万円",196387,D24,1174065,D62,0.121398055879,0.020306371453,NTA Sample Survey population: persons with positive self-assessed income tax,SURVEY_ESTIMATED_POPULATION_CELL,NTA-2024-SHINKOKU-T2-XLSX,data/raw/nta/nta_2024_shinkoku_sample_table2.xlsx,a134dc943714152ae351316b3442d8171705c65076c2b7e2f0a0aee7a7e1c791,NTA-2024-SHINKOKU-T2-PDF,data/raw/nta/nta_2024_shinkoku_sample_table2.pdf,9ebc7580d3922d7dfaba87e143d15d41307beb289960285734512601bb91ab26,REPRODUCED_OFFICIAL_SURVEY_ESTIMATE_CROSSTAB,NTA total-income class is not F71561 equivalized disposable-income decile; any bridge requires an explicit transport assumption
16,"3,000万円",20000000,30000000,False,real_estate,不動産所得者,17900,D87,C87,"3,000万円",196387,D24,804398,D97,0.0911465626544,0.0222526659688,NTA Sample Survey population: persons with positive self-assessed income tax,SURVEY_ESTIMATED_POPULATION_CELL,NTA-2024-SHINKOKU-T2-XLSX,data/raw/nta/nta_2024_shinkoku_sample_table2.xlsx,a134dc943714152ae351316b3442d8171705c65076c2b7e2f0a0aee7a7e1c791,NTA-2024-SHINKOKU-T2-PDF,data/raw/nta/nta_2024_shinkoku_sample_table2.pdf,9ebc7580d3922d7dfaba87e143d15d41307beb289960285734512601bb91ab26,REPRODUCED_OFFICIAL_SURVEY_ESTIMATE_CROSSTAB,NTA total-income class is not F71561 equivalized disposable-income decile; any bridge requires an explicit transport assumption
16,"3,000万円",20000000,30000000,False,salary,給与所得者,115523,D115,C115,"3,000万円",196387,D24,2385726,D125,0.588241584219,0.0484225766077,NTA Sample Survey population: persons with positive self-assessed income tax,SURVEY_ESTIMATED_POPULATION_CELL,NTA-2024-SHINKOKU-T2-XLSX,data/raw/nta/nta_2024_shinkoku_sample_table2.xlsx,a134dc943714152ae351316b3442d8171705c65076c2b7e2f0a0aee7a7e1c791,NTA-2024-SHINKOKU-T2-PDF,data/raw/nta/nta_2024_shinkoku_sample_table2.pdf,9ebc7580d3922d7dfaba87e143d15d41307beb289960285734512601bb91ab26,REPRODUCED_OFFICIAL_SURVEY_ESTIMATE_CROSSTAB,NTA total-income class is not F71561 equivalized disposable-income decile; any bridge requires an explicit transport assumption
16,"3,000万円",20000000,30000000,False,miscellaneous,雑所得者,2275,D150,C150,"3,000万円",196387,D24,411376,D160,0.0115842698346,0.00553022052818,NTA Sample Survey population: persons with positive self-assessed income tax,SURVEY_ESTIMATED_POPULATION_CELL,NTA-2024-SHINKOKU-T2-XLSX,data/raw/nta/nta_2024_shinkoku_sample_table2.xlsx,a134dc943714152ae351316b3442d8171705c65076c2b7e2f0a0aee7a7e1c791,NTA-2024-SHINKOKU-T2-PDF,data/raw/nta/nta_2024_shinkoku_sample_table2.pdf,9ebc7580d3922d7dfaba87e143d15d41307beb289960285734512601bb91ab26,REPRODUCED_OFFICIAL_SURVEY_ESTIMATE_CROSSTAB,NTA total-income class is not F71561 equivalized disposable-income decile; any bridge requires an explicit transport assumption
16,"3,000万円",20000000,30000000,False,other,他の区分に該当しない所得者,36848,D178,C178,"3,000万円",196387,D24,382695,D188,0.187629527413,0.09628555377,NTA Sample Survey population: persons with positive self-assessed income tax,SURVEY_ESTIMATED_POPULATION_CELL,NTA-2024-SHINKOKU-T2-XLSX,data/raw/nta/nta_2024_shinkoku_sample_table2.xlsx,a134dc943714152ae351316b3442d8171705c65076c2b7e2f0a0aee7a7e1c791,NTA-2024-SHINKOKU-T2-PDF,data/raw/nta/nta_2024_shinkoku_sample_table2.pdf,9ebc7580d3922d7dfaba87e143d15d41307beb289960285734512601bb91ab26,REPRODUCED_OFFICIAL_SURVEY_ESTIMATE_CROSSTAB,NTA total-income class is not F71561 equivalized disposable-income decile; any bridge requires an explicit transport assumption
17,"5,000万円",30000000,50000000,False,business,事業所得者,15310,D53,C53,"5,000万円",116832,D25,1174065,D62,0.131042864969,0.0130401638751,NTA Sample Survey population: persons with positive self-assessed income tax,SURVEY_ESTIMATED_POPULATION_CELL,NTA-2024-SHINKOKU-T2-XLSX,data/raw/nta/nta_2024_shinkoku_sample_table2.xlsx,a134dc943714152ae351316b3442d8171705c65076c2b7e2f0a0aee7a7e1c791,NTA-2024-SHINKOKU-T2-PDF,data/raw/nta/nta_2024_shinkoku_sample_table2.pdf,9ebc7580d3922d7dfaba87e143d15d41307beb289960285734512601bb91ab26,REPRODUCED_OFFICIAL_SURVEY_ESTIMATE_CROSSTAB,NTA total-income class is not F71561 equivalized disposable-income decile; any bridge requires an explicit transport assumption
17,"5,000万円",30000000,50000000,False,real_estate,不動産所得者,8242,D88,C88,"5,000万円",116832,D25,804398,D97,0.0705457408929,0.0102461716712,NTA Sample Survey population: persons with positive self-assessed income tax,SURVEY_ESTIMATED_POPULATION_CELL,NTA-2024-SHINKOKU-T2-XLSX,data/raw/nta/nta_2024_shinkoku_sample_table2.xlsx,a134dc943714152ae351316b3442d8171705c65076c2b7e2f0a0aee7a7e1c791,NTA-2024-SHINKOKU-T2-PDF,data/raw/nta/nta_2024_shinkoku_sample_table2.pdf,9ebc7580d3922d7dfaba87e143d15d41307beb289960285734512601bb91ab26,REPRODUCED_OFFICIAL_SURVEY_ESTIMATE_CROSSTAB,NTA total-income class is not F71561 equivalized disposable-income decile; any bridge requires an explicit transport assumption
17,"5,000万円",30000000,50000000,False,salary,給与所得者,57608,D116,C116,"5,000万円",116832,D25,2385726,D125,0.493084086552,0.0241469473024,NTA Sample Survey population: persons with positive self-assessed income tax,SURVEY_ESTIMATED_POPULATION_CELL,NTA-2024-SHINKOKU-T2-XLSX,data/raw/nta/nta_2024_shinkoku_sample_table2.xlsx,a134dc943714152ae351316b3442d8171705c65076c2b7e2f0a0aee7a7e1c791,NTA-2024-SHINKOKU-T2-PDF,data/raw/nta/nta_2024_shinkoku_sample_table2.pdf,9ebc7580d3922d7dfaba87e143d15d41307beb289960285734512601bb91ab26,REPRODUCED_OFFICIAL_SURVEY_ESTIMATE_CROSSTAB,NTA total-income class is not F71561 equivalized disposable-income decile; any bridge requires an explicit transport assumption
17,"5,000万円",30000000,50000000,False,miscellaneous,雑所得者,1508,D151,C151,"5,000万円",116832,D25,411376,D160,0.0129074226239,0.00366574617868,NTA Sample Survey population: persons with positive self-assessed income tax,SURVEY_ESTIMATED_POPULATION_CELL,NTA-2024-SHINKOKU-T2-XLSX,data/raw/nta/nta_2024_shinkoku_sample_table2.xlsx,a134dc943714152ae351316b3442d8171705c65076c2b7e2f0a0aee7a7e1c791,NTA-2024-SHINKOKU-T2-PDF,data/raw/nta/nta_2024_shinkoku_sample_table2.pdf,9ebc7580d3922d7dfaba87e143d15d41307beb289960285734512601bb91ab26,REPRODUCED_OFFICIAL_SURVEY_ESTIMATE_CROSSTAB,NTA total-income class is not F71561 equivalized disposable-income decile; any bridge requires an explicit transport assumption
17,"5,000万円",30000000,50000000,False,other,他の区分に該当しない所得者,34164,D179,C179,"5,000万円",116832,D25,382695,D188,0.292419884963,0.0892721357739,NTA Sample Survey population: persons with positive self-assessed income tax,SURVEY_ESTIMATED_POPULATION_CELL,NTA-2024-SHINKOKU-T2-XLSX,data/raw/nta/nta_2024_shinkoku_sample_table2.xlsx,a134dc943714152ae351316b3442d8171705c65076c2b7e2f0a0aee7a7e1c791,NTA-2024-SHINKOKU-T2-PDF,data/raw/nta/nta_2024_shinkoku_sample_table2.pdf,9ebc7580d3922d7dfaba87e143d15d41307beb289960285734512601bb91ab26,REPRODUCED_OFFICIAL_SURVEY_ESTIMATE_CROSSTAB,NTA total-income class is not F71561 equivalized disposable-income decile; any bridge requires an explicit transport assumption
18,1億円,50000000,100000000,False,business,事業所得者,7083,D54,C54,1億円,61367,D26,1174065,D62,0.115420339922,0.00603288574312,NTA Sample Survey population: persons with positive self-assessed income tax,SURVEY_ESTIMATED_POPULATION_CELL,NTA-2024-SHINKOKU-T2-XLSX,data/raw/nta/nta_2024_shinkoku_sample_table2.xlsx,a134dc943714152ae351316b3442d8171705c65076c2b7e2f0a0aee7a7e1c791,NTA-2024-SHINKOKU-T2-PDF,data/raw/nta/nta_2024_shinkoku_sample_table2.pdf,9ebc7580d3922d7dfaba87e143d15d41307beb289960285734512601bb91ab26,REPRODUCED_OFFICIAL_SURVEY_ESTIMATE_CROSSTAB,NTA total-income class is not F71561 equivalized disposable-income decile; any bridge requires an explicit transport assumption
18,1億円,50000000,100000000,False,real_estate,不動産所得者,2904,D89,C89,1億円,61367,D26,804398,D97,0.047321850506,0.00361015318288,NTA Sample Survey population: persons with positive self-assessed income tax,SURVEY_ESTIMATED_POPULATION_CELL,NTA-2024-SHINKOKU-T2-XLSX,data/raw/nta/nta_2024_shinkoku_sample_table2.xlsx,a134dc943714152ae351316b3442d8171705c65076c2b7e2f0a0aee7a7e1c791,NTA-2024-SHINKOKU-T2-PDF,data/raw/nta/nta_2024_shinkoku_sample_table2.pdf,9ebc7580d3922d7dfaba87e143d15d41307beb289960285734512601bb91ab26,REPRODUCED_OFFICIAL_SURVEY_ESTIMATE_CROSSTAB,NTA total-income class is not F71561 equivalized disposable-income decile; any bridge requires an explicit transport assumption
18,1億円,50000000,100000000,False,salary,給与所得者,23745,D117,C117,1億円,61367,D26,2385726,D125,0.386934345821,0.00995294514123,NTA Sample Survey population: persons with positive self-assessed income tax,SURVEY_ESTIMATED_POPULATION_CELL,NTA-2024-SHINKOKU-T2-XLSX,data/raw/nta/nta_2024_shinkoku_sample_table2.xlsx,a134dc943714152ae351316b3442d8171705c65076c2b7e2f0a0aee7a7e1c791,NTA-2024-SHINKOKU-T2-PDF,data/raw/nta/nta_2024_shinkoku_sample_table2.pdf,9ebc7580d3922d7dfaba87e143d15d41307beb289960285734512601bb91ab26,REPRODUCED_OFFICIAL_SURVEY_ESTIMATE_CROSSTAB,NTA total-income class is not F71561 equivalized disposable-income decile; any bridge requires an explicit transport assumption
18,1億円,50000000,100000000,False,miscellaneous,雑所得者,906,D152,C152,1億円,61367,D26,411376,D160,0.0147636351785,0.00220236474661,NTA Sample Survey population: persons with positive self-assessed income tax,SURVEY_ESTIMATED_POPULATION_CELL,NTA-2024-SHINKOKU-T2-XLSX,data/raw/nta/nta_2024_shinkoku_sample_table2.xlsx,a134dc943714152ae351316b3442d8171705c65076c2b7e2f0a0aee7a7e1c791,NTA-2024-SHINKOKU-T2-PDF,data/raw/nta/nta_2024_shinkoku_sample_table2.pdf,9ebc7580d3922d7dfaba87e143d15d41307beb289960285734512601bb91ab26,REPRODUCED_OFFICIAL_SURVEY_ESTIMATE_CROSSTAB,NTA total-income class is not F71561 equivalized disposable-income decile; any bridge requires an explicit transport assumption
18,1億円,50000000,100000000,False,other,他の区分に該当しない所得者,26729,D180,C180,1億円,61367,D26,382695,D188,0.435559828572,0.0698441317498,NTA Sample Survey population: persons with positive self-assessed income tax,SURVEY_ESTIMATED_POPULATION_CELL,NTA-2024-SHINKOKU-T2-XLSX,data/raw/nta/nta_2024_shinkoku_sample_table2.xlsx,a134dc943714152ae351316b3442d8171705c65076c2b7e2f0a0aee7a7e1c791,NTA-2024-SHINKOKU-T2-PDF,data/raw/nta/nta_2024_shinkoku_sample_table2.pdf,9ebc7580d3922d7dfaba87e143d15d41307beb289960285734512601bb91ab26,REPRODUCED_OFFICIAL_SURVEY_ESTIMATE_CROSSTAB,NTA total-income class is not F71561 equivalized disposable-income decile; any bridge requires an explicit transport assumption
19,2億円,100000000,200000000,False,business,事業所得者,1550,D55,C55,2億円,20513,D27,1174065,D62,0.0755618388339,0.00132019947788,NTA Sample Survey population: persons with positive self-assessed income tax,SURVEY_ESTIMATED_POPULATION_CELL,NTA-2024-SHINKOKU-T2-XLSX,data/raw/nta/nta_2024_shinkoku_sample_table2.xlsx,a134dc943714152ae351316b3442d8171705c65076c2b7e2f0a0aee7a7e1c791,NTA-2024-SHINKOKU-T2-PDF,data/raw/nta/nta_2024_shinkoku_sample_table2.pdf,9ebc7580d3922d7dfaba87e143d15d41307beb289960285734512601bb91ab26,REPRODUCED_OFFICIAL_SURVEY_ESTIMATE_CROSSTAB,NTA total-income class is not F71561 equivalized disposable-income decile; any bridge requires an explicit transport assumption
19,2億円,100000000,200000000,False,real_estate,不動産所得者,545,D90,C90,2億円,20513,D27,804398,D97,0.0265685175255,0.000677525304638,NTA Sample Survey population: persons with positive self-assessed income tax,SURVEY_ESTIMATED_POPULATION_CELL,NTA-2024-SHINKOKU-T2-XLSX,data/raw/nta/nta_2024_shinkoku_sample_table2.xlsx,a134dc943714152ae351316b3442d8171705c65076c2b7e2f0a0aee7a7e1c791,NTA-2024-SHINKOKU-T2-PDF,data/raw/nta/nta_2024_shinkoku_sample_table2.pdf,9ebc7580d3922d7dfaba87e143d15d41307beb289960285734512601bb91ab26,REPRODUCED_OFFICIAL_SURVEY_ESTIMATE_CROSSTAB,NTA total-income class is not F71561 equivalized disposable-income decile; any bridge requires an explicit transport assumption
19,2億円,100000000,200000000,False,salary,給与所得者,5677,D118,C118,2億円,20513,D27,2385726,D125,0.276751328426,0.00237956915421,NTA Sample Survey population: persons with positive self-assessed income tax,SURVEY_ESTIMATED_POPULATION_CELL,NTA-2024-SHINKOKU-T2-XLSX,data/raw/nta/nta_2024_shinkoku_sample_table2.xlsx,a134dc943714152ae351316b3442d8171705c65076c2b7e2f0a0aee7a7e1c791,NTA-2024-SHINKOKU-T2-PDF,data/raw/nta/nta_2024_shinkoku_sample_table2.pdf,9ebc7580d3922d7dfaba87e143d15d41307beb289960285734512601bb91ab26,REPRODUCED_OFFICIAL_SURVEY_ESTIMATE_CROSSTAB,NTA total-income class is not F71561 equivalized disposable-income decile; any bridge requires an explicit transport assumption
19,2億円,100000000,200000000,False,miscellaneous,雑所得者,316,D153,C153,2億円,20513,D27,411376,D160,0.0154048652074,0.000768153708529,NTA Sample Survey population: persons with positive self-assessed income tax,SURVEY_ESTIMATED_POPULATION_CELL,NTA-2024-SHINKOKU-T2-XLSX,data/raw/nta/nta_2024_shinkoku_sample_table2.xlsx,a134dc943714152ae351316b3442d8171705c65076c2b7e2f0a0aee7a7e1c791,NTA-2024-SHINKOKU-T2-PDF,data/raw/nta/nta_2024_shinkoku_sample_table2.pdf,9ebc7580d3922d7dfaba87e143d15d41307beb289960285734512601bb91ab26,REPRODUCED_OFFICIAL_SURVEY_ESTIMATE_CROSSTAB,NTA total-income class is not F71561 equivalized disposable-income decile; any bridge requires an explicit transport assumption
19,2億円,100000000,200000000,False,other,他の区分に該当しない所得者,12425,D181,C181,2億円,20513,D27,382695,D188,0.605713450007,0.0324671082716,NTA Sample Survey population: persons with positive self-assessed income tax,SURVEY_ESTIMATED_POPULATION_CELL,NTA-2024-SHINKOKU-T2-XLSX,data/raw/nta/nta_2024_shinkoku_sample_table2.xlsx,a134dc943714152ae351316b3442d8171705c65076c2b7e2f0a0aee7a7e1c791,NTA-2024-SHINKOKU-T2-PDF,data/raw/nta/nta_2024_shinkoku_sample_table2.pdf,9ebc7580d3922d7dfaba87e143d15d41307beb289960285734512601bb91ab26,REPRODUCED_OFFICIAL_SURVEY_ESTIMATE_CROSSTAB,NTA total-income class is not F71561 equivalized disposable-income decile; any bridge requires an explicit transport assumption
20,5億円,200000000,500000000,False,business,事業所得者,396,D56,C56,5億円,8252,D28,1174065,D62,0.0479883664566,0.000337289673059,NTA Sample Survey population: persons with positive self-assessed income tax,SURVEY_ESTIMATED_POPULATION_CELL,NTA-2024-SHINKOKU-T2-XLSX,data/raw/nta/nta_2024_shinkoku_sample_table2.xlsx,a134dc943714152ae351316b3442d8171705c65076c2b7e2f0a0aee7a7e1c791,NTA-2024-SHINKOKU-T2-PDF,data/raw/nta/nta_2024_shinkoku_sample_table2.pdf,9ebc7580d3922d7dfaba87e143d15d41307beb289960285734512601bb91ab26,REPRODUCED_OFFICIAL_SURVEY_ESTIMATE_CROSSTAB,NTA total-income class is not F71561 equivalized disposable-income decile; any bridge requires an explicit transport assumption
20,5億円,200000000,500000000,False,real_estate,不動産所得者,89,D91,C91,5億円,8252,D28,804398,D97,0.0107852641784,0.000110641746996,NTA Sample Survey population: persons with positive self-assessed income tax,SURVEY_ESTIMATED_POPULATION_CELL,NTA-2024-SHINKOKU-T2-XLSX,data/raw/nta/nta_2024_shinkoku_sample_table2.xlsx,a134dc943714152ae351316b3442d8171705c65076c2b7e2f0a0aee7a7e1c791,NTA-2024-SHINKOKU-T2-PDF,data/raw/nta/nta_2024_shinkoku_sample_table2.pdf,9ebc7580d3922d7dfaba87e143d15d41307beb289960285734512601bb91ab26,REPRODUCED_OFFICIAL_SURVEY_ESTIMATE_CROSSTAB,NTA total-income class is not F71561 equivalized disposable-income decile; any bridge requires an explicit transport assumption
20,5億円,200000000,500000000,False,salary,給与所得者,1527,D119,C119,5億円,8252,D28,2385726,D125,0.185046049443,0.000640056737446,NTA Sample Survey population: persons with positive self-assessed income tax,SURVEY_ESTIMATED_POPULATION_CELL,NTA-2024-SHINKOKU-T2-XLSX,data/raw/nta/nta_2024_shinkoku_sample_table2.xlsx,a134dc943714152ae351316b3442d8171705c65076c2b7e2f0a0aee7a7e1c791,NTA-2024-SHINKOKU-T2-PDF,data/raw/nta/nta_2024_shinkoku_sample_table2.pdf,9ebc7580d3922d7dfaba87e143d15d41307beb289960285734512601bb91ab26,REPRODUCED_OFFICIAL_SURVEY_ESTIMATE_CROSSTAB,NTA total-income class is not F71561 equivalized disposable-income decile; any bridge requires an explicit transport assumption
20,5億円,200000000,500000000,False,miscellaneous,雑所得者,159,D154,C154,5億円,8252,D28,411376,D160,0.0192680562288,0.000386507720431,NTA Sample Survey population: persons with positive self-assessed income tax,SURVEY_ESTIMATED_POPULATION_CELL,NTA-2024-SHINKOKU-T2-XLSX,data/raw/nta/nta_2024_shinkoku_sample_table2.xlsx,a134dc943714152ae351316b3442d8171705c65076c2b7e2f0a0aee7a7e1c791,NTA-2024-SHINKOKU-T2-PDF,data/raw/nta/nta_2024_shinkoku_sample_table2.pdf,9ebc7580d3922d7dfaba87e143d15d41307beb289960285734512601bb91ab26,REPRODUCED_OFFICIAL_SURVEY_ESTIMATE_CROSSTAB,NTA total-income class is not F71561 equivalized disposable-income decile; any bridge requires an explicit transport assumption
20,5億円,200000000,500000000,False,other,他の区分に該当しない所得者,6081,D182,C182,5億円,8252,D28,382695,D188,0.736912263694,0.0158899384627,NTA Sample Survey population: persons with positive self-assessed income tax,SURVEY_ESTIMATED_POPULATION_CELL,NTA-2024-SHINKOKU-T2-XLSX,data/raw/nta/nta_2024_shinkoku_sample_table2.xlsx,a134dc943714152ae351316b3442d8171705c65076c2b7e2f0a0aee7a7e1c791,NTA-2024-SHINKOKU-T2-PDF,data/raw/nta/nta_2024_shinkoku_sample_table2.pdf,9ebc7580d3922d7dfaba87e143d15d41307beb289960285734512601bb91ab26,REPRODUCED_OFFICIAL_SURVEY_ESTIMATE_CROSSTAB,NTA total-income class is not F71561 equivalized disposable-income decile; any bridge requires an explicit transport assumption
21,10億円,500000000,1000000000,False,business,事業所得者,62,D57,C57,10億円,2056,D29,1174065,D62,0.0301556420233,5.28079791153e-05,NTA Sample Survey population: persons with positive self-assessed income tax,SURVEY_ESTIMATED_POPULATION_CELL,NTA-2024-SHINKOKU-T2-XLSX,data/raw/nta/nta_2024_shinkoku_sample_table2.xlsx,a134dc943714152ae351316b3442d8171705c65076c2b7e2f0a0aee7a7e1c791,NTA-2024-SHINKOKU-T2-PDF,data/raw/nta/nta_2024_shinkoku_sample_table2.pdf,9ebc7580d3922d7dfaba87e143d15d41307beb289960285734512601bb91ab26,REPRODUCED_OFFICIAL_SURVEY_ESTIMATE_CROSSTAB,NTA total-income class is not F71561 equivalized disposable-income decile; any bridge requires an explicit transport assumption
21,10億円,500000000,1000000000,False,real_estate,不動産所得者,5,D92,C92,10億円,2056,D29,804398,D97,0.00243190661479,6.21582848292e-06,NTA Sample Survey population: persons with positive self-assessed income tax,SURVEY_ESTIMATED_POPULATION_CELL,NTA-2024-SHINKOKU-T2-XLSX,data/raw/nta/nta_2024_shinkoku_sample_table2.xlsx,a134dc943714152ae351316b3442d8171705c65076c2b7e2f0a0aee7a7e1c791,NTA-2024-SHINKOKU-T2-PDF,data/raw/nta/nta_2024_shinkoku_sample_table2.pdf,9ebc7580d3922d7dfaba87e143d15d41307beb289960285734512601bb91ab26,REPRODUCED_OFFICIAL_SURVEY_ESTIMATE_CROSSTAB,NTA total-income class is not F71561 equivalized disposable-income decile; any bridge requires an explicit transport assumption
21,10億円,500000000,1000000000,False,salary,給与所得者,232,D120,C120,10億円,2056,D29,2385726,D125,0.112840466926,9.72450314915e-05,NTA Sample Survey population: persons with positive self-assessed income tax,SURVEY_ESTIMATED_POPULATION_CELL,NTA-2024-SHINKOKU-T2-XLSX,data/raw/nta/nta_2024_shinkoku_sample_table2.xlsx,a134dc943714152ae351316b3442d8171705c65076c2b7e2f0a0aee7a7e1c791,NTA-2024-SHINKOKU-T2-PDF,data/raw/nta/nta_2024_shinkoku_sample_table2.pdf,9ebc7580d3922d7dfaba87e143d15d41307beb289960285734512601bb91ab26,REPRODUCED_OFFICIAL_SURVEY_ESTIMATE_CROSSTAB,NTA total-income class is not F71561 equivalized disposable-income decile; any bridge requires an explicit transport assumption
21,10億円,500000000,1000000000,False,miscellaneous,雑所得者,39,D155,C155,10億円,2056,D29,411376,D160,0.0189688715953,9.48037804831e-05,NTA Sample Survey population: persons with positive self-assessed income tax,SURVEY_ESTIMATED_POPULATION_CELL,NTA-2024-SHINKOKU-T2-XLSX,data/raw/nta/nta_2024_shinkoku_sample_table2.xlsx,a134dc943714152ae351316b3442d8171705c65076c2b7e2f0a0aee7a7e1c791,NTA-2024-SHINKOKU-T2-PDF,data/raw/nta/nta_2024_shinkoku_sample_table2.pdf,9ebc7580d3922d7dfaba87e143d15d41307beb289960285734512601bb91ab26,REPRODUCED_OFFICIAL_SURVEY_ESTIMATE_CROSSTAB,NTA total-income class is not F71561 equivalized disposable-income decile; any bridge requires an explicit transport assumption
21,10億円,500000000,1000000000,False,other,他の区分に該当しない所得者,1718,D183,C183,10億円,2056,D29,382695,D188,0.83560311284,0.00448921464874,NTA Sample Survey population: persons with positive self-assessed income tax,SURVEY_ESTIMATED_POPULATION_CELL,NTA-2024-SHINKOKU-T2-XLSX,data/raw/nta/nta_2024_shinkoku_sample_table2.xlsx,a134dc943714152ae351316b3442d8171705c65076c2b7e2f0a0aee7a7e1c791,NTA-2024-SHINKOKU-T2-PDF,data/raw/nta/nta_2024_shinkoku_sample_table2.pdf,9ebc7580d3922d7dfaba87e143d15d41307beb289960285734512601bb91ab26,REPRODUCED_OFFICIAL_SURVEY_ESTIMATE_CROSSTAB,NTA total-income class is not F71561 equivalized disposable-income decile; any bridge requires an explicit transport assumption
22,20億円,1000000000,2000000000,False,business,事業所得者,15,D58,C58,20億円,798,D30,1174065,D62,0.0187969924812,1.27761239795e-05,NTA Sample Survey population: persons with positive self-assessed income tax,SURVEY_ESTIMATED_POPULATION_CELL,NTA-2024-SHINKOKU-T2-XLSX,data/raw/nta/nta_2024_shinkoku_sample_table2.xlsx,a134dc943714152ae351316b3442d8171705c65076c2b7e2f0a0aee7a7e1c791,NTA-2024-SHINKOKU-T2-PDF,data/raw/nta/nta_2024_shinkoku_sample_table2.pdf,9ebc7580d3922d7dfaba87e143d15d41307beb289960285734512601bb91ab26,REPRODUCED_OFFICIAL_SURVEY_ESTIMATE_CROSSTAB,NTA total-income class is not F71561 equivalized disposable-income decile; any bridge requires an explicit transport assumption
22,20億円,1000000000,2000000000,False,real_estate,不動産所得者,0,D93,C93,20億円,798,D30,804398,D97,0,0,NTA Sample Survey population: persons with positive self-assessed income tax,SURVEY_ESTIMATED_POPULATION_CELL,NTA-2024-SHINKOKU-T2-XLSX,data/raw/nta/nta_2024_shinkoku_sample_table2.xlsx,a134dc943714152ae351316b3442d8171705c65076c2b7e2f0a0aee7a7e1c791,NTA-2024-SHINKOKU-T2-PDF,data/raw/nta/nta_2024_shinkoku_sample_table2.pdf,9ebc7580d3922d7dfaba87e143d15d41307beb289960285734512601bb91ab26,REPRODUCED_OFFICIAL_SURVEY_ESTIMATE_CROSSTAB,NTA total-income class is not F71561 equivalized disposable-income decile; any bridge requires an explicit transport assumption
22,20億円,1000000000,2000000000,False,salary,給与所得者,70,D121,C121,20億円,798,D30,2385726,D125,0.0877192982456,2.93411732948e-05,NTA Sample Survey population: persons with positive self-assessed income tax,SURVEY_ESTIMATED_POPULATION_CELL,NTA-2024-SHINKOKU-T2-XLSX,data/raw/nta/nta_2024_shinkoku_sample_table2.xlsx,a134dc943714152ae351316b3442d8171705c65076c2b7e2f0a0aee7a7e1c791,NTA-2024-SHINKOKU-T2-PDF,data/raw/nta/nta_2024_shinkoku_sample_table2.pdf,9ebc7580d3922d7dfaba87e143d15d41307beb289960285734512601bb91ab26,REPRODUCED_OFFICIAL_SURVEY_ESTIMATE_CROSSTAB,NTA total-income class is not F71561 equivalized disposable-income decile; any bridge requires an explicit transport assumption
22,20億円,1000000000,2000000000,False,miscellaneous,雑所得者,13,D156,C156,20億円,798,D30,411376,D160,0.016290726817,3.1601260161e-05,NTA Sample Survey population: persons with positive self-assessed income tax,SURVEY_ESTIMATED_POPULATION_CELL,NTA-2024-SHINKOKU-T2-XLSX,data/raw/nta/nta_2024_shinkoku_sample_table2.xlsx,a134dc943714152ae351316b3442d8171705c65076c2b7e2f0a0aee7a7e1c791,NTA-2024-SHINKOKU-T2-PDF,data/raw/nta/nta_2024_shinkoku_sample_table2.pdf,9ebc7580d3922d7dfaba87e143d15d41307beb289960285734512601bb91ab26,REPRODUCED_OFFICIAL_SURVEY_ESTIMATE_CROSSTAB,NTA total-income class is not F71561 equivalized disposable-income decile; any bridge requires an explicit transport assumption
22,20億円,1000000000,2000000000,False,other,他の区分に該当しない所得者,700,D184,C184,20億円,798,D30,382695,D188,0.877192982456,0.00182913286037,NTA Sample Survey population: persons with positive self-assessed income tax,SURVEY_ESTIMATED_POPULATION_CELL,NTA-2024-SHINKOKU-T2-XLSX,data/raw/nta/nta_2024_shinkoku_sample_table2.xlsx,a134dc943714152ae351316b3442d8171705c65076c2b7e2f0a0aee7a7e1c791,NTA-2024-SHINKOKU-T2-PDF,data/raw/nta/nta_2024_shinkoku_sample_table2.pdf,9ebc7580d3922d7dfaba87e143d15d41307beb289960285734512601bb91ab26,REPRODUCED_OFFICIAL_SURVEY_ESTIMATE_CROSSTAB,NTA total-income class is not F71561 equivalized disposable-income decile; any bridge requires an explicit transport assumption
23,50億円,2000000000,5000000000,False,business,事業所得者,8,D59,C59,50億円,446,D31,1174065,D62,0.0179372197309,6.81393278907e-06,NTA Sample Survey population: persons with positive self-assessed income tax,SURVEY_ESTIMATED_POPULATION_CELL,NTA-2024-SHINKOKU-T2-XLSX,data/raw/nta/nta_2024_shinkoku_sample_table2.xlsx,a134dc943714152ae351316b3442d8171705c65076c2b7e2f0a0aee7a7e1c791,NTA-2024-SHINKOKU-T2-PDF,data/raw/nta/nta_2024_shinkoku_sample_table2.pdf,9ebc7580d3922d7dfaba87e143d15d41307beb289960285734512601bb91ab26,REPRODUCED_OFFICIAL_SURVEY_ESTIMATE_CROSSTAB,NTA total-income class is not F71561 equivalized disposable-income decile; any bridge requires an explicit transport assumption
23,50億円,2000000000,5000000000,False,real_estate,不動産所得者,0,D94,C94,50億円,446,D31,804398,D97,0,0,NTA Sample Survey population: persons with positive self-assessed income tax,SURVEY_ESTIMATED_POPULATION_CELL,NTA-2024-SHINKOKU-T2-XLSX,data/raw/nta/nta_2024_shinkoku_sample_table2.xlsx,a134dc943714152ae351316b3442d8171705c65076c2b7e2f0a0aee7a7e1c791,NTA-2024-SHINKOKU-T2-PDF,data/raw/nta/nta_2024_shinkoku_sample_table2.pdf,9ebc7580d3922d7dfaba87e143d15d41307beb289960285734512601bb91ab26,REPRODUCED_OFFICIAL_SURVEY_ESTIMATE_CROSSTAB,NTA total-income class is not F71561 equivalized disposable-income decile; any bridge requires an explicit transport assumption
23,50億円,2000000000,5000000000,False,salary,給与所得者,21,D122,C122,50億円,446,D31,2385726,D125,0.0470852017937,8.80235198845e-06,NTA Sample Survey population: persons with positive self-assessed income tax,SURVEY_ESTIMATED_POPULATION_CELL,NTA-2024-SHINKOKU-T2-XLSX,data/raw/nta/nta_2024_shinkoku_sample_table2.xlsx,a134dc943714152ae351316b3442d8171705c65076c2b7e2f0a0aee7a7e1c791,NTA-2024-SHINKOKU-T2-PDF,data/raw/nta/nta_2024_shinkoku_sample_table2.pdf,9ebc7580d3922d7dfaba87e143d15d41307beb289960285734512601bb91ab26,REPRODUCED_OFFICIAL_SURVEY_ESTIMATE_CROSSTAB,NTA total-income class is not F71561 equivalized disposable-income decile; any bridge requires an explicit transport assumption
23,50億円,2000000000,5000000000,False,miscellaneous,雑所得者,7,D157,C157,50億円,446,D31,411376,D160,0.0156950672646,1.70160631636e-05,NTA Sample Survey population: persons with positive self-assessed income tax,SURVEY_ESTIMATED_POPULATION_CELL,NTA-2024-SHINKOKU-T2-XLSX,data/raw/nta/nta_2024_shinkoku_sample_table2.xlsx,a134dc943714152ae351316b3442d8171705c65076c2b7e2f0a0aee7a7e1c791,NTA-2024-SHINKOKU-T2-PDF,data/raw/nta/nta_2024_shinkoku_sample_table2.pdf,9ebc7580d3922d7dfaba87e143d15d41307beb289960285734512601bb91ab26,REPRODUCED_OFFICIAL_SURVEY_ESTIMATE_CROSSTAB,NTA total-income class is not F71561 equivalized disposable-income decile; any bridge requires an explicit transport assumption
23,50億円,2000000000,5000000000,False,other,他の区分に該当しない所得者,410,D185,C185,50億円,446,D31,382695,D188,0.919282511211,0.00107134924679,NTA Sample Survey population: persons with positive self-assessed income tax,SURVEY_ESTIMATED_POPULATION_CELL,NTA-2024-SHINKOKU-T2-XLSX,data/raw/nta/nta_2024_shinkoku_sample_table2.xlsx,a134dc943714152ae351316b3442d8171705c65076c2b7e2f0a0aee7a7e1c791,NTA-2024-SHINKOKU-T2-PDF,data/raw/nta/nta_2024_shinkoku_sample_table2.pdf,9ebc7580d3922d7dfaba87e143d15d41307beb289960285734512601bb91ab26,REPRODUCED_OFFICIAL_SURVEY_ESTIMATE_CROSSTAB,NTA total-income class is not F71561 equivalized disposable-income decile; any bridge requires an explicit transport assumption
24,100億円,5000000000,10000000000,False,business,事業所得者,3,D60,C60,100億円,113,D32,1174065,D62,0.0265486725664,2.5552247959e-06,NTA Sample Survey population: persons with positive self-assessed income tax,SURVEY_ESTIMATED_POPULATION_CELL,NTA-2024-SHINKOKU-T2-XLSX,data/raw/nta/nta_2024_shinkoku_sample_table2.xlsx,a134dc943714152ae351316b3442d8171705c65076c2b7e2f0a0aee7a7e1c791,NTA-2024-SHINKOKU-T2-PDF,data/raw/nta/nta_2024_shinkoku_sample_table2.pdf,9ebc7580d3922d7dfaba87e143d15d41307beb289960285734512601bb91ab26,REPRODUCED_OFFICIAL_SURVEY_ESTIMATE_CROSSTAB,NTA total-income class is not F71561 equivalized disposable-income decile; any bridge requires an explicit transport assumption
24,100億円,5000000000,10000000000,False,real_estate,不動産所得者,0,D95,C95,100億円,113,D32,804398,D97,0,0,NTA Sample Survey population: persons with positive self-assessed income tax,SURVEY_ESTIMATED_POPULATION_CELL,NTA-2024-SHINKOKU-T2-XLSX,data/raw/nta/nta_2024_shinkoku_sample_table2.xlsx,a134dc943714152ae351316b3442d8171705c65076c2b7e2f0a0aee7a7e1c791,NTA-2024-SHINKOKU-T2-PDF,data/raw/nta/nta_2024_shinkoku_sample_table2.pdf,9ebc7580d3922d7dfaba87e143d15d41307beb289960285734512601bb91ab26,REPRODUCED_OFFICIAL_SURVEY_ESTIMATE_CROSSTAB,NTA total-income class is not F71561 equivalized disposable-income decile; any bridge requires an explicit transport assumption
24,100億円,5000000000,10000000000,False,salary,給与所得者,1,D123,C123,100億円,113,D32,2385726,D125,0.00884955752212,4.19159618498e-07,NTA Sample Survey population: persons with positive self-assessed income tax,SURVEY_ESTIMATED_POPULATION_CELL,NTA-2024-SHINKOKU-T2-XLSX,data/raw/nta/nta_2024_shinkoku_sample_table2.xlsx,a134dc943714152ae351316b3442d8171705c65076c2b7e2f0a0aee7a7e1c791,NTA-2024-SHINKOKU-T2-PDF,data/raw/nta/nta_2024_shinkoku_sample_table2.pdf,9ebc7580d3922d7dfaba87e143d15d41307beb289960285734512601bb91ab26,REPRODUCED_OFFICIAL_SURVEY_ESTIMATE_CROSSTAB,NTA total-income class is not F71561 equivalized disposable-income decile; any bridge requires an explicit transport assumption
24,100億円,5000000000,10000000000,False,miscellaneous,雑所得者,1,D158,C158,100億円,113,D32,411376,D160,0.00884955752212,2.43086616623e-06,NTA Sample Survey population: persons with positive self-assessed income tax,SURVEY_ESTIMATED_POPULATION_CELL,NTA-2024-SHINKOKU-T2-XLSX,data/raw/nta/nta_2024_shinkoku_sample_table2.xlsx,a134dc943714152ae351316b3442d8171705c65076c2b7e2f0a0aee7a7e1c791,NTA-2024-SHINKOKU-T2-PDF,data/raw/nta/nta_2024_shinkoku_sample_table2.pdf,9ebc7580d3922d7dfaba87e143d15d41307beb289960285734512601bb91ab26,REPRODUCED_OFFICIAL_SURVEY_ESTIMATE_CROSSTAB,NTA total-income class is not F71561 equivalized disposable-income decile; any bridge requires an explicit transport assumption
24,100億円,5000000000,10000000000,False,other,他の区分に該当しない所得者,108,D186,C186,100億円,113,D32,382695,D188,0.955752212389,0.000282209069886,NTA Sample Survey population: persons with positive self-assessed income tax,SURVEY_ESTIMATED_POPULATION_CELL,NTA-2024-SHINKOKU-T2-XLSX,data/raw/nta/nta_2024_shinkoku_sample_table2.xlsx,a134dc943714152ae351316b3442d8171705c65076c2b7e2f0a0aee7a7e1c791,NTA-2024-SHINKOKU-T2-PDF,data/raw/nta/nta_2024_shinkoku_sample_table2.pdf,9ebc7580d3922d7dfaba87e143d15d41307beb289960285734512601bb91ab26,REPRODUCED_OFFICIAL_SURVEY_ESTIMATE_CROSSTAB,NTA total-income class is not F71561 equivalized disposable-income decile; any bridge requires an explicit transport assumption
25,100億円超,10000000000,,True,business,事業所得者,0,D61,C61,100億円超,66,D33,1174065,D62,0,0,NTA Sample Survey population: persons with positive self-assessed income tax,SURVEY_ESTIMATED_POPULATION_CELL,NTA-2024-SHINKOKU-T2-XLSX,data/raw/nta/nta_2024_shinkoku_sample_table2.xlsx,a134dc943714152ae351316b3442d8171705c65076c2b7e2f0a0aee7a7e1c791,NTA-2024-SHINKOKU-T2-PDF,data/raw/nta/nta_2024_shinkoku_sample_table2.pdf,9ebc7580d3922d7dfaba87e143d15d41307beb289960285734512601bb91ab26,REPRODUCED_OFFICIAL_SURVEY_ESTIMATE_CROSSTAB,NTA total-income class is not F71561 equivalized disposable-income decile; any bridge requires an explicit transport assumption
25,100億円超,10000000000,,True,real_estate,不動産所得者,0,D96,C96,100億円超,66,D33,804398,D97,0,0,NTA Sample Survey population: persons with positive self-assessed income tax,SURVEY_ESTIMATED_POPULATION_CELL,NTA-2024-SHINKOKU-T2-XLSX,data/raw/nta/nta_2024_shinkoku_sample_table2.xlsx,a134dc943714152ae351316b3442d8171705c65076c2b7e2f0a0aee7a7e1c791,NTA-2024-SHINKOKU-T2-PDF,data/raw/nta/nta_2024_shinkoku_sample_table2.pdf,9ebc7580d3922d7dfaba87e143d15d41307beb289960285734512601bb91ab26,REPRODUCED_OFFICIAL_SURVEY_ESTIMATE_CROSSTAB,NTA total-income class is not F71561 equivalized disposable-income decile; any bridge requires an explicit transport assumption
25,100億円超,10000000000,,True,salary,給与所得者,0,D124,C124,100億円超,66,D33,2385726,D125,0,0,NTA Sample Survey population: persons with positive self-assessed income tax,SURVEY_ESTIMATED_POPULATION_CELL,NTA-2024-SHINKOKU-T2-XLSX,data/raw/nta/nta_2024_shinkoku_sample_table2.xlsx,a134dc943714152ae351316b3442d8171705c65076c2b7e2f0a0aee7a7e1c791,NTA-2024-SHINKOKU-T2-PDF,data/raw/nta/nta_2024_shinkoku_sample_table2.pdf,9ebc7580d3922d7dfaba87e143d15d41307beb289960285734512601bb91ab26,REPRODUCED_OFFICIAL_SURVEY_ESTIMATE_CROSSTAB,NTA total-income class is not F71561 equivalized disposable-income decile; any bridge requires an explicit transport assumption
25,100億円超,10000000000,,True,miscellaneous,雑所得者,0,D159,C159,100億円超,66,D33,411376,D160,0,0,NTA Sample Survey population: persons with positive self-assessed income tax,SURVEY_ESTIMATED_POPULATION_CELL,NTA-2024-SHINKOKU-T2-XLSX,data/raw/nta/nta_2024_shinkoku_sample_table2.xlsx,a134dc943714152ae351316b3442d8171705c65076c2b7e2f0a0aee7a7e1c791,NTA-2024-SHINKOKU-T2-PDF,data/raw/nta/nta_2024_shinkoku_sample_table2.pdf,9ebc7580d3922d7dfaba87e143d15d41307beb289960285734512601bb91ab26,REPRODUCED_OFFICIAL_SURVEY_ESTIMATE_CROSSTAB,NTA total-income class is not F71561 equivalized disposable-income decile; any bridge requires an explicit transport assumption
25,100億円超,10000000000,,True,other,他の区分に該当しない所得者,66,D187,C187,100億円超,66,D33,382695,D188,1,0.000172461098264,NTA Sample Survey population: persons with positive self-assessed income tax,SURVEY_ESTIMATED_POPULATION_CELL,NTA-2024-SHINKOKU-T2-XLSX,data/raw/nta/nta_2024_shinkoku_sample_table2.xlsx,a134dc943714152ae351316b3442d8171705c65076c2b7e2f0a0aee7a7e1c791,NTA-2024-SHINKOKU-T2-PDF,data/raw/nta/nta_2024_shinkoku_sample_table2.pdf,9ebc7580d3922d7dfaba87e143d15d41307beb289960285734512601bb91ab26,REPRODUCED_OFFICIAL_SURVEY_ESTIMATE_CROSSTAB,NTA total-income class is not F71561 equivalized disposable-income decile; any bridge requires an explicit transport assumption
