scenario,C_U,remaining_overlap_benchmark,robustness_rate,robustness_rate_pct
C_U=0,0.0,11353338.0,0.09000149897619902,9.000149897619902
C_U=1m,1000000.0,10353338.0,0.08207418288852515,8.207418288852516
C_U=2m,2000000.0,9353338.0,0.0741468668008513,7.414686680085129
C_U=4m,4000000.0,7353338.0,0.05829223462550356,5.829223462550356
C_U=6m,6000000.0,5353338.0,0.042437602450155834,4.243760245015584
C_U=8m,8000000.0,3353338.0,0.0265829702748081,2.65829702748081
C_U=10m,10000000.0,1353338.0,0.010728338099460373,1.0728338099460373
C_U=11m,11000000.0,353338.0,0.0028010220117865078,0.28010220117865076
C_U=12m,12000000.0,0.0,0.0,0.0
