spec_version,income_class_index,income_class_label,table22_population_persons,positive_self_assessed_balance_persons,population_mass,positive_self_assessed_balance_mass,within_class_positive_self_assessed_balance_rate,source_artifact,scientific_status
rank_bridge_lp_v2,1,70万円以下,4301396,16171,0.184117888978,0.000692186997585,0.00375947715579,data/derived/nta_income_class_primary_type_filing_status_2024.csv,MODEL_CONTINGENT_RANK_BRIDGE_RELAXATION
rank_bridge_lp_v2,2,100万円,1255432,13549,0.0537377841044,0.000579954339885,0.0107923009769,data/derived/nta_income_class_primary_type_filing_status_2024.csv,MODEL_CONTINGENT_RANK_BRIDGE_RELAXATION
rank_bridge_lp_v2,3,150万円,2517909,128633,0.10777712392,0.00550603488099,0.0510872315084,data/derived/nta_income_class_primary_type_filing_status_2024.csv,MODEL_CONTINGENT_RANK_BRIDGE_RELAXATION
rank_bridge_lp_v2,4,200万円,2454983,380979,0.105083625743,0.016307507894,0.155186003325,data/derived/nta_income_class_primary_type_filing_status_2024.csv,MODEL_CONTINGENT_RANK_BRIDGE_RELAXATION
rank_bridge_lp_v2,5,250万円,1971281,434621,0.0843791402379,0.0186036117171,0.220476431315,data/derived/nta_income_class_primary_type_filing_status_2024.csv,MODEL_CONTINGENT_RANK_BRIDGE_RELAXATION
rank_bridge_lp_v2,6,300万円,1538192,435915,0.0658411045817,0.0186590003743,0.283394400699,data/derived/nta_income_class_primary_type_filing_status_2024.csv,MODEL_CONTINGENT_RANK_BRIDGE_RELAXATION
rank_bridge_lp_v2,7,400万円,2368737,800193,0.10139193322,0.0342516350355,0.337814202252,data/derived/nta_income_class_primary_type_filing_status_2024.csv,MODEL_CONTINGENT_RANK_BRIDGE_RELAXATION
rank_bridge_lp_v2,8,500万円,1667488,601798,0.0713755186587,0.0257594923488,0.360900948013,data/derived/nta_income_class_primary_type_filing_status_2024.csv,MODEL_CONTINGENT_RANK_BRIDGE_RELAXATION
rank_bridge_lp_v2,9,600万円,1156539,424983,0.0495047466453,0.018191064671,0.367461019473,data/derived/nta_income_class_primary_type_filing_status_2024.csv,MODEL_CONTINGENT_RANK_BRIDGE_RELAXATION
rank_bridge_lp_v2,10,700万円,853429,319109,0.0365303603464,0.013659210971,0.373913940117,data/derived/nta_income_class_primary_type_filing_status_2024.csv,MODEL_CONTINGENT_RANK_BRIDGE_RELAXATION
rank_bridge_lp_v2,11,800万円,613418,238971,0.0262568773536,0.0102289666069,0.389572852443,data/derived/nta_income_class_primary_type_filing_status_2024.csv,MODEL_CONTINGENT_RANK_BRIDGE_RELAXATION
rank_bridge_lp_v2,12,"1,000万円",782938,323480,0.0335130482664,0.0138463082047,0.413161706291,data/derived/nta_income_class_primary_type_filing_status_2024.csv,MODEL_CONTINGENT_RANK_BRIDGE_RELAXATION
rank_bridge_lp_v2,13,"1,200万円",476437,207558,0.0203935128668,0.00888435772957,0.435646265928,data/derived/nta_income_class_primary_type_filing_status_2024.csv,MODEL_CONTINGENT_RANK_BRIDGE_RELAXATION
rank_bridge_lp_v2,14,"1,500万円",422919,206672,0.0181027167665,0.00884643319306,0.488679865412,data/derived/nta_income_class_primary_type_filing_status_2024.csv,MODEL_CONTINGENT_RANK_BRIDGE_RELAXATION
rank_bridge_lp_v2,15,"2,000万円",394544,218798,0.0168881471013,0.00936547713176,0.554559187315,data/derived/nta_income_class_primary_type_filing_status_2024.csv,MODEL_CONTINGENT_RANK_BRIDGE_RELAXATION
rank_bridge_lp_v2,16,"3,000万円",308589,196387,0.0132089106053,0.00840619181837,0.63640311223,data/derived/nta_income_class_primary_type_filing_status_2024.csv,MODEL_CONTINGENT_RANK_BRIDGE_RELAXATION
rank_bridge_lp_v2,17,"5,000万円",161586,116832,0.00691656225291,0.0050009023129,0.723032936022,data/derived/nta_income_class_primary_type_filing_status_2024.csv,MODEL_CONTINGENT_RANK_BRIDGE_RELAXATION
rank_bridge_lp_v2,18,1億円,78367,61367,0.00335443809534,0.00262676640163,0.783071956308,data/derived/nta_income_class_primary_type_filing_status_2024.csv,MODEL_CONTINGENT_RANK_BRIDGE_RELAXATION
rank_bridge_lp_v2,19,2億円,24830,20513,0.00106282871499,0.000878042909002,0.826137736609,data/derived/nta_income_class_primary_type_filing_status_2024.csv,MODEL_CONTINGENT_RANK_BRIDGE_RELAXATION
rank_bridge_lp_v2,20,5億円,9444,8252,0.000404243027963,0.000353220400969,0.873782295637,data/derived/nta_income_class_primary_type_filing_status_2024.csv,MODEL_CONTINGENT_RANK_BRIDGE_RELAXATION
rank_bridge_lp_v2,21,10億円,2232,2056,9.55390129621e-05,8.80054707214e-05,0.921146953405,data/derived/nta_income_class_primary_type_filing_status_2024.csv,MODEL_CONTINGENT_RANK_BRIDGE_RELAXATION
rank_bridge_lp_v2,22,20億円,844,798,3.61267593817e-05,3.4157765387e-05,0.945497630332,data/derived/nta_income_class_primary_type_filing_status_2024.csv,MODEL_CONTINGENT_RANK_BRIDGE_RELAXATION
rank_bridge_lp_v2,23,50億円,466,446,1.99467652511e-05,1.90906809055e-05,0.957081545064,data/derived/nta_income_class_primary_type_filing_status_2024.csv,MODEL_CONTINGENT_RANK_BRIDGE_RELAXATION
rank_bridge_lp_v2,24,100億円,117,113,5.0080934214e-06,4.83687655229e-06,0.965811965812,data/derived/nta_income_class_primary_type_filing_status_2024.csv,MODEL_CONTINGENT_RANK_BRIDGE_RELAXATION
rank_bridge_lp_v2,25,100億円超,67,66,2.86788255756e-06,2.82507834028e-06,0.985074626866,data/derived/nta_income_class_primary_type_filing_status_2024.csv,MODEL_CONTINGENT_RANK_BRIDGE_RELAXATION
