assumption_set_id,effective_interest_rate,nominal_gdp_growth,annual_redemption_rate,mixed_primary_jgb_share,financial_asset_change_yen,horizon_years,assumption_status
r01_g00,0.01,0,0.20,0.50,0,10,MODEL_SENSITIVITY_NOT_EMPIRICAL_BOUND
r01_g02,0.01,0.02,0.20,0.50,0,10,MODEL_SENSITIVITY_NOT_EMPIRICAL_BOUND
r01_g04,0.01,0.04,0.20,0.50,0,10,MODEL_SENSITIVITY_NOT_EMPIRICAL_BOUND
r02_g00,0.02,0,0.20,0.50,0,10,MODEL_SENSITIVITY_NOT_EMPIRICAL_BOUND
r02_g02,0.02,0.02,0.20,0.50,0,10,MODEL_SENSITIVITY_NOT_EMPIRICAL_BOUND
r02_g04,0.02,0.04,0.20,0.50,0,10,MODEL_SENSITIVITY_NOT_EMPIRICAL_BOUND
r04_g00,0.04,0,0.20,0.50,0,10,MODEL_SENSITIVITY_NOT_EMPIRICAL_BOUND
r04_g02,0.04,0.02,0.20,0.50,0,10,MODEL_SENSITIVITY_NOT_EMPIRICAL_BOUND
r04_g04,0.04,0.04,0.20,0.50,0,10,MODEL_SENSITIVITY_NOT_EMPIRICAL_BOUND
