product_id,claim_id,topic,empirical_status,identification_status,causal_status,policy_status,component_id,evidence_scope,allowed_claim,forbidden_claim,source,evidence_ids,supersedes,superseded_by,active
paper1,P1-C01,F71561 population,OBSERVED_PUBLIC,READY,NOT_CAUSAL,NOT_POLICY_USABLE,,official metadata,F71561 is a household/equivalized-income aggregate population and is not filer microdata,F71561 directly observes filer-level MTRs,data/claim_evidence.csv,data/derived/stage1_official_inputs.csv,,,true
paper1,P1-C02,NTA Table 2-1 Final-return processing-row numerator,OBSERVED_PUBLIC,READY,NOT_CAUSAL,NOT_POLICY_USABLE,,official aggregate,FY2024 Table 2-1 Final-return processing row is 23090075 and is used as the stage-1 benchmark numerator,Interpret 23090075 as all submitted-return persons or use broader 23362184 filed-or-processed total as filing participation without qualification,data/input_provenance.csv,data/input_provenance.csv,,,true
paper1,P1-C03,Pseudo-filer statutory MTR,SENSITIVITY_ONLY_REPRODUCED,SENSITIVITY_ONLY,NOT_CAUSAL,NOT_POLICY_USABLE,income_tax_pseudofiler,reproduced official-source-derived sensitivity model with explicit F71561 suppression-row drop sensitivity,"Pseudo-filer statutory-MTR scenarios are reproducible sensitivity diagnostics conditional on explicit calibration, allocation, and F71561 suppression-row drop assumptions; omitted count share is bounded separately while monetary-X impact remains unidentified","Pseudo-filer MTR distribution is the true, point-identified, or statistically sharp filer MTR distribution; suppressed F71561 X cells are exact zero; monetary-X impact is numerically identified",research/income_tax_pseudofiler/README.adoc,data/recovery/recovery_gaps.csv;research/income_tax_pseudofiler/README.adoc;research/income_tax_pseudofiler/pseudofiler_mtr_summary.csv;data/derived/estat_71561_leaf_suppressed_cells.csv,,,true
paper1,P1-C04,Static income-tax liability surtax,READY_STATIC_ONLY,READY,NOT_CAUSAL,NOT_POLICY_USABLE,,observed-liability accounting,Static first-order liability incidence may be evaluated from observed tax-liability moments,Behavioral net revenue is identified by the static liability calculation,data/claim_evidence.csv,data/derived/income_tax_household_type_leaf_deciles_2024.csv,,,true
paper1,P1-C05,NTA stage-2 positive-self-assessed-balance rates,EXTERNAL_STAGE2_DIAGNOSTIC_REPRODUCED,READY,NOT_CAUSAL,NOT_POLICY_USABLE,,exact NTA administrative primary-income-type counts,FY2024 NTA primary-type positive self-assessed-balance rates (申告納税額>0 after tax credits and source withholding) are reproducible external administrative diagnostics,"These NTA rates equal positive annual income-tax liability, identify F71561 household-to-filer selection, or identify decile-specific filing probabilities",research/income_tax_partial_identification/README.adoc,data/derived/nta_primary_type_stage2_2024.csv;data/recovery/recovery_gaps.csv,,,true
paper1,P1-C06,Restricted-LP decile MTR endpoints,DOCUMENTED_PRIOR_RUN_NOT_REPRODUCED,RECOVERY_ONLY,NOT_CAUSAL,NOT_POLICY_USABLE,,recovered handoff only,Restricted conditional endpoints may be retained as recovery targets pending source restoration,Call recovered restricted endpoints a reproduced or fully sharp identified set,data/recovery/recovery_gaps.csv,data/recovery/recovery_gaps.csv,,,false
paper1,P1-C07,NTA Table 3-1 positive self-assessed-balance composition point check,CROSS_PUBLICATION_POINT_CHECK_REPRODUCED,READY,NOT_CAUSAL,NOT_POLICY_USABLE,,NTA exact annual counts versus rounded Table 3-1 category counts,The five-category rounded-table positive-self-assessed-balance composition check is reproducible and has max absolute difference 0.08444 percentage point after explicit five-category renormalization,"The 0.08444pp point check validates positive annual tax liability, is independent-sample holdout validation, statistical confidence coverage, causal validation, or filer-MTR validation",research/income_tax_partial_identification/README.adoc,data/recovery/v6_recovered_values.csv;research/income_tax_partial_identification/nta_table31_composition_validation.csv,,,true
paper1,P1-C08,Stage-1 mismatch frontier,ROBUSTNESS_FRONTIER_REPRODUCED,PARTIALLY_IDENTIFIED,DESCRIPTIVE_ONLY,NOT_POLICY_USABLE,stage1_filing_bound,reproduced Git analysis,"For any externally supplied threshold A the break-even untracked mismatch budget is C_U*(A)=max(0,B_R-P*A)",The actual filing rate or actual C_U is identified,research/stage1_filing_bound/proposition_stage1_frontier.adoc,research/stage1_filing_bound/proposition_stage1_frontier.adoc,,,true
paper1,P1-C09,Recovered score_power 2 threshold,DOCUMENTED_PRIOR_RUN_NOT_REPRODUCED,RECOVERY_ONLY,NOT_CAUSAL,NOT_POLICY_USABLE,,recovered handoff only,The recovered V6 record may be used as a recovery-only numerical application after explicit labeling,"Present the 2.20% threshold or its 8,578,123.822 break-even budget as a reproduced main result",data/recovery/v6_recovered_values.csv,data/recovery/v6_recovered_values.csv,,,false
paper1,P1-C10,Untracked frame mismatch,NOT_READY,NOT_IDENTIFIED,NOT_CAUSAL,NOT_POLICY_USABLE,stage1_filing_bound,public-source and frame audit,C_U remains an explicit unresolved mismatch budget including non-resident and other frame/timing differences,Set C_U to zero or equate it with non-resident filers alone,research/stage1_filing_bound/nonresident_source_audit.adoc,research/stage1_filing_bound/nonresident_source_audit.adoc,,,true
paper1,P1-C11,Structural marginal response,NOT_READY,NOT_IDENTIFIED,NOT_CAUSAL,NOT_POLICY_USABLE,,not identified,Structural marginal response remains outside identified conclusions,Income-tax behavioral response is identified,STATUS.adoc,STATUS.adoc,,,true
paper1,P1-C12,Dynamic net revenue,NOT_READY,NOT_IDENTIFIED,NOT_CAUSAL,NOT_POLICY_USABLE,,not identified,Dynamic net revenue remains outside identified conclusions,Static liability incidence identifies dynamic net revenue,STATUS.adoc,STATUS.adoc,,,true
paper1,P1-C13,Replacement transport-relaxation frontier,MODEL_CONTINGENT_TRANSPORT_RELAXATION_REPRODUCED,SENSITIVITY_ONLY,NOT_CAUSAL,NOT_POLICY_USABLE,income_tax_partial_identification,pre-specified transport_lp_v1 linking 13 pseudo-filer modeled-annual-income-tax-positive scenarios and five NTA positive-self-assessed-balance primary-income-type categories under two fixed decile-weight schemes,Under transport_lp_v1 the minimum common cross-concept rate discrepancy and conditional MTR envelopes are reproducible model-contingent sensitivity results,"epsilon is measurement error between two observations of the same positive-tax event; pseudo modeled annual tax >0 equals NTA 申告納税額>0; the replacement envelopes are the historical V6 restricted LP, a statistically sharp identified set, confidence interval, causal bound, or point-identified filer MTR distribution",research/income_tax_partial_identification/replacement_transport_lp_spec.adoc,research/income_tax_partial_identification/replacement_transport_lp_endpoints.csv;research/income_tax_partial_identification/replacement_transport_lp_minimum_relaxation.csv,,,true
paper1,P1-C14,Rank-bridge v2 transport-relaxation frontier,MODEL_CONTINGENT_RANK_BRIDGE_RELAXATION_REPRODUCED,SENSITIVITY_ONLY,NOT_CAUSAL,NOT_POLICY_USABLE,income_tax_partial_identification,pre-specified rank_bridge_lp_v2 using 13 pseudo-filer modeled-annual-income-tax-positive scenarios and NTA Table 2-2(1) 25 ordered income classes with free within-class positive-self-assessed-balance allocation at rank boundaries,Under the pre-specified same-rank-decile bridge the minimum common cross-concept rate discrepancy is 14.9016 percentage points and the conditional v2 MTR envelopes are reproducible model-contingent sensitivity results,"epsilon is measurement error between the same tax event; pseudo modeled annual tax >0 equals NTA 申告納税額>0; the same-rank bridge is observed linkage; F71561 and NTA income concepts are identical; the v2 envelope is a statistically sharp identified set, confidence interval, causal bound, point-identified filer MTR, or historical V6 restricted LP",research/income_tax_partial_identification/rank_bridge_lp_v2_spec.adoc,research/income_tax_partial_identification/rank_bridge_lp_v2_endpoints.csv;research/income_tax_partial_identification/rank_bridge_lp_v2_minimum_relaxation.csv,,,true
paper1,P1-C15,Rank-transport-budget v3 minimum cross-concept discrepancy frontier,MODEL_CONTINGENT_RANK_TRANSPORT_BUDGET_REPRODUCED,SENSITIVITY_ONLY,NOT_CAUSAL,NOT_POLICY_USABLE,income_tax_partial_identification,"pre-specified rank_bridge_lp_v3 using the same 13 pseudo-filer scenarios and 25 ordered NTA income classes as v2, with free within-class positive allocation and a scaled doubly-stochastic decile-rank coupling over the fixed Delta grid","Under the pre-specified v3 rank-displacement budgets, Delta=0 reproduces the v2 minimum common cross-concept discrepancy of 14.9016 percentage points; Delta=0.25 reaches 8.6825 percentage points and the frontier remains there through unrestricted Delta=5; zero cross-concept discrepancy is infeasible even under unrestricted rank coupling",the 8.6825pp floor is pure rank mismatch or measurement error for one tax event; pseudo modeled annual tax >0 equals NTA 申告納税額>0; Delta=0.25 estimates the true rank mismatch; the transport plan is observed linkage; the floor is a confidence interval or causal bound; minimum-epsilon MTR endpoints are point identified; v3 restores historical V6,research/income_tax_partial_identification/rank_bridge_lp_v3_spec.adoc,research/income_tax_partial_identification/rank_bridge_lp_v3_analytical_rate_floor.csv;research/income_tax_partial_identification/rank_bridge_lp_v3_minimum_relaxation_frontier.csv;research/income_tax_partial_identification/rank_bridge_lp_v3_zero_discrepancy_threshold.csv,,,true
paper1,P1-C16,Fixed-budget rank-displacement x cross-concept discrepancy surface v4,MODEL_CONTINGENT_RANK_EPSILON_SURFACE_REPRODUCED,SENSITIVITY_ONLY,NOT_CAUSAL,NOT_POLICY_USABLE,income_tax_partial_identification,"pre-specified Cartesian product of the committed v3 Delta grid and v2 fixed-epsilon grid (104 points) using the unchanged v3 LP constraints, all 84 endpoints at every feasible point, and two-solver feasibility cross-checks","Under the pre-specified v4 fixed-budget cross-concept surface, 70 of 104 grid points are feasible; Delta=0 reproduces v2; every feasible point has positive-width overall MTR envelopes; for each feasible epsilon the MTR endpoints are identical across positive pre-specified Delta values 0.25 through 5","Delta or epsilon is estimated from the data; epsilon is a measured withholding rate or measurement error between one tax event; pseudo modeled annual tax >0 equals NTA 申告納税額>0; the surface is a confidence region, causal bound, posterior, sharp identified set, or point-identified filer MTR; v4 restores historical V6",research/income_tax_partial_identification/rank_epsilon_surface_v4_spec.adoc,research/income_tax_partial_identification/rank_epsilon_surface_v4_endpoints.csv;research/income_tax_partial_identification/rank_epsilon_surface_v4_feasibility.csv;research/income_tax_partial_identification/rank_epsilon_surface_v4_summary.csv,,,true
paper1,P1-C17,One-sided subset-compatibility v5 rank bridge,MODEL_CONTINGENT_RANK_ONE_SIDED_BRIDGE_REPRODUCED,SENSITIVITY_ONLY,NOT_CAUSAL,NOT_POLICY_USABLE,income_tax_partial_identification,"pre-specified rank_one_sided_bridge_v5 using the unchanged v3 rank-transport machinery and fixed Delta grid, with the tax-event relation oriented from pseudo modeled calculated-tax-positive to NTA positive self-assessed balance after the separate Table 1/4/5 semantic audit","Under the frozen v5 one-sided subset-compatibility model, the minimum directional-violation budget is eta*=0 at every pre-specified Delta, zero directional violation is feasible already at Delta=0, and the conditional MTR envelopes are reproducible model-contingent sensitivity results","eta=0 proves same-person or same-tax-unit linkage; pseudo modeled annual tax >0 equals NTA 申告納税額>0; v3/v4 symmetric discrepancy results are invalid; eta is an estimated withholding rate, tax-credit rate, measurement error, or true subset-violation rate; Delta=0 proves the rank concepts are identical; the v5 envelope is a confidence region, causal bound, statistically sharp identified set, or point-identified filer MTR",research/income_tax_partial_identification/rank_one_sided_bridge_v5_spec.adoc,data/derived/nta_positive_self_assessed_balance_tax_flow_income_class_primary_type_2024.csv;research/income_tax_partial_identification/rank_one_sided_bridge_v5_endpoints.csv;research/income_tax_partial_identification/rank_one_sided_bridge_v5_minimum_violation_frontier.csv;research/income_tax_partial_identification/rank_one_sided_bridge_v5_zero_violation_threshold.csv,,,true
vat_abolition,VAT-C01,VAT abolition compliance-productivity institutional channel,MODEL_CONTINGENT_COMPLIANCE_PRODUCTIVITY_SENSITIVITY,SENSITIVITY_ONLY,NOT_CAUSAL,NOT_POLICY_USABLE,vat_compliance_productivity,Japan compliance evidence plus explicit model-contingent institutional sensitivity grid,Full institutional VAT abolition is modeled separately from a 0% rate with administration retained; only abolition scenarios receive the institutional compliance and allocation sensitivity component.,"The institutional GDP component is an empirical bound, causal effect, or proof that a 0% VAT rate automatically removes compliance costs.",research/vat_compliance_productivity/README.adoc,data/derived/vat_compliance_productivity_regime_summary.csv,,,true
vat_abolition,VAT-C02,VAT policy scenario integration,PARTIAL_E2E_POLICY_MATRIX_WITH_STATIC_FISCAL_AND_HOUSEHOLD_RATE_ENVELOPES,PARTIALLY_IDENTIFIED,NOT_CAUSAL,NOT_POLICY_USABLE,vat_policy_integration,"Eight-scenario integration with model-contingent institutional ranges, static fiscal/household accounting references, separated historical Japan pass-through/quantity evidence, and an annual-income-decile survey-category VAT rate-scope proxy","The eight-scenario matrix is operational and carries historical Japan pass-through/quantity evidence plus an annual-income-decile survey-category VAT rate-scope proxy separately from mechanical assumptions; transaction-level VAT base, policy pass-through for rate cuts/abolition, and objective-rank distribution outcomes remain unidentified.","The matrix is a policy forecast, joint welfare optimum, identified pass-through coefficient for a VAT cut/abolition, identified Gini or FGT2 effect, complete fiscal balance, dynamic debt path, or causal VAT demand effect.",research/vat_policy_integration/README.adoc,data/derived/vat_policy_scenario_summary.csv;data/derived/vat_pass_through_evidence.csv;data/derived/estat_2024_annual_income_decile_vat_rate_scope_diagnostic.csv,,,true
