artifact_id,derived_file,generator,source_ids,row_count,sha256,bytes,status,description
ESTAT-71411-MAIN-INCOME-BY-DISPOSABLE-DECILE,data/derived/estat_71411_main_income_by_disposable_decile_2024.csv,scripts/extract_estat_rank_bridge_diagnostics.py,ESTAT-7141-1-2024,50,1303598292c49aae4db562e73396385d8f2c23d38e7594189523922e3bc7f1ed,22346,DERIVED_REPRODUCED_EXTERNAL_DIAGNOSTIC,Table 7-141-1 household-member composition by main annual-income type across OECD-new equivalized-disposable-income deciles; no NTA category identity imposed
ESTAT-7171-MAIN-INCOME-DISPOSABLE-QUANTILES,data/derived/estat_7171_main_income_disposable_quantiles_2024.csv,scripts/extract_estat_rank_bridge_diagnostics.py,ESTAT-7171-2024,30,be29a1d97c65b486c11928e61d1f06659bba2a744dbb0639ed72705742bf789d,13973,DERIVED_REPRODUCED_EXTERNAL_DIAGNOSTIC,Table 7-171 OECD-new equivalized-disposable-income quantiles by main annual-income type; within-NSFCW diagnostic only
STAGE1-OFFICIAL-INPUTS,data/derived/stage1_official_inputs.csv,manual_transcription_verified,NTA-R06;STAT-CENSUS-2020-SUMMARY;STAT-CENSUS-2020-BASIC;STAT-F71561-DESIGN;ISHIKAWA-CENSUS-2020;STAT-MIGRATION-2024;MHLW-VITAL-2020-T1;MHLW-VITAL-2022-T1;MHLW-VITAL-2024-T1,18,7dcaea47ce0c20d0d2fde7b4d71ea0dbe3678764000f88db846239cad55d69a7,3998,DERIVED_VERIFIED_TRANSCRIPTION,Normalized official values used by the stage-1 robustness analysis
ESTAT-71531-DECILES-LONG,data/derived/estat_71531_deciles_long.csv,scripts/extract_estat_income_tax_tables.py,ESTAT-7153-1-2024,430,c4ab1fd06265416f7fdc27db67cb9448074f9a22c7bbe0cb715720aa064158ba,98867,DERIVED_REPRODUCED,Table 7-153-1 decile-by-income-component long extract with source cells
ESTAT-71561-HOUSEHOLD-TYPES,data/derived/estat_71561_household_types.csv,scripts/extract_estat_income_tax_tables.py,ESTAT-7156-1-2024,49,c0bb7ccdbc26af1e697614f6f97ea34affc1803633dc1cb00c4ae15a45efd064,5137,DERIVED_REPRODUCED,49 household-type headers and hierarchy; original leaves derived structurally
ESTAT-71561-DECILES-LONG,data/derived/estat_71561_deciles_long.csv,scripts/extract_estat_income_tax_tables.py,ESTAT-7156-1-2024,21070,8c12a02c64453ba2f2b507198276dc66a64d0aa7343c60df99e44da6cfbc0656,6173561,DERIVED_REPRODUCED,Table 7-156-1 decile x household-type x component long extract with source cells
ESTAT-71561-LEAF-COMPAT,data/derived/income_tax_household_type_leaf_deciles_2024.csv,scripts/extract_estat_income_tax_tables.py,ESTAT-7156-1-2024,140,9c009966e710e33fa8278e1505dd8f341c7fca32ef2408894f5083e0b76778c0,56341,DERIVED_REPRODUCED,14 structural leaf household types x 10 deciles; compatibility layer for income-tax research
ESTAT-71531-TAX-SOCIAL-INSTRUMENTS,data/derived/income_tax_decile_tax_social_instruments_2024.csv,scripts/build_income_tax_decile_instruments.py,ESTAT-7153-1-2024,10,936ee1e3b95a967b458520ac724315646471a31e6b8a49520d99f8508ba6c2bb,2555,DERIVED_REPRODUCED,"Decile income tax, resident tax and social-insurance contribution moments"
ESTAT-71561-LEAF-AUDIT,data/derived/estat_71561_leaf_aggregation_audit.csv,scripts/build_income_tax_decile_instruments.py,ESTAT-7153-1-2024;ESTAT-7156-1-2024,10,876763271595edcc6cf0b736057d39ec11e691b7f268b21170642ba89d983871,1909,DERIVED_REPRODUCED,Leaf aggregation versus total-table rounding diagnostic
ESTAT-71911-SIZE-AGE-BRIDGE,data/derived/estat_71911_decile_household_size_age_bridge.csv,scripts/extract_estat_f71911_bridge.py,ESTAT-7191-1-2024,10,2825f194eb8b14c4f657ec46a094755e3386f90b59cc24ff24dc4c55d2e95bc3,6550,DERIVED_REPRODUCED,F71911 decile household-size top-code sensitivity and age-65+ bridge with source cells
ESTAT-71911-INCOME-TAX-BRIDGE,data/derived/income_tax_bridge_deciles_2024.csv,scripts/extract_estat_f71911_bridge.py,ESTAT-7191-1-2024,10,bce16098ae139d6b07ce8ae8084634187629cc009633baf59e1bf43063e9bc2d,3574,DERIVED_REPRODUCED_SENSITIVITY_INPUT,Backward-compatible pseudo-filer sensitivity bridge; exact mean household size is not identified because 6+ is top-coded
NTA-2024-T17-SOCIAL-SCHEDULE,data/derived/nta_salary_class_social_deduction_schedule_2024.csv,scripts/extract_nta_table17_and_f71551.py,NTA-MINKAN-2024-T17,12,33ed4a720352acd7e6282456720b370a2b1e8c48a2f6451fbe2eed9a717c64a0,4996,DERIVED_REPRODUCED_EXTERNAL_SENSITIVITY,"Salary-class mean social-insurance deduction per full-year employee, with recipient mean retained separately"
NTA-2024-T17-FAMILY-SCHEDULE,data/derived/nta_salary_class_family_deduction_validation_2024.csv,scripts/extract_nta_table17_and_f71551.py,NTA-MINKAN-2024-T17;NTA-2026-DEPENDENT-DEDUCTION,12,76432750ce200a827524ca9b8cbddfe416c69024a31cafee6b30de447cffc8e3,6766,DERIVED_REPRODUCED_EXTERNAL_SENSITIVITY,2024 dependent composition by salary class revalued at 2026 dependent-deduction amounts; no 2026 eligibility forecast
ESTAT-71551-PENSION-AGE-PROXY,data/derived/income_tax_age_income_source_shares_2024.csv,scripts/extract_nta_table17_and_f71551.py,ESTAT-7155-1-2024,10,97e33599052e703f0743e5360b2edb5dc0ad0c38dba4c9ae00642c7d01e4fc8e,5725,DERIVED_REPRODUCED_SENSITIVITY_PROXY,F71551 age65+ public-pension amount proxy from overlapping age-recap aggregate cells; not a filer/person identified share
NTA-2024-PRIMARY-TYPE-STAGE2,data/derived/nta_primary_type_stage2_2024.csv,scripts/extract_nta_stage2_holdout.py,NTA-R06;NTA-2024-SHINKOKU-SAMPLE,5,c51afee809c36d71b2258c904331c98a20648f45a10afa0077115b46b830e209,4695,DERIVED_REPRODUCED_EXTERNAL_DIAGNOSTIC,"Exact NTA primary-income-type positive-self-assessed-balance rates; external diagnostic only, not F71561 selection identification"
NTA-2024-POSITIVE-SELF-ASSESSED-BALANCE-INCOME-CLASS-PRIMARY-TYPE,data/derived/nta_positive_self_assessed_balance_income_class_primary_type_2024.csv,scripts/extract_nta_shinkoku_income_class_primary_type.py,NTA-2024-SHINKOKU-T2-XLSX;NTA-2024-SHINKOKU-T2-PDF;NTA-R06,125,20f0b0b48e651ac7edde1bdbbfb2f224ad84e02a7d06a4394670e17bd199b2c4,89137,DERIVED_REPRODUCED_OFFICIAL_SURVEY_ESTIMATE_CROSSTAB,25 total-income classes x five primary income-earner categories among positive-self-assessed-balance taxpayers; survey-estimated cells with exact row/column reconciliation
NTA-2024-POSITIVE-SELF-ASSESSED-BALANCE-TAX-FLOW-INCOME-CLASS-PRIMARY-TYPE,data/derived/nta_positive_self_assessed_balance_tax_flow_income_class_primary_type_2024.csv,scripts/extract_nta_positive_balance_tax_flow.py,NTA-2024-SHINKOKU-T1-XLSX;NTA-2024-SHINKOKU-T4-XLSX;NTA-2024-SHINKOKU-T5-XLSX,125,befffab892121dbd18fc362e34912ae36bd1add8fcc4e71e815834957e7ed1f0,132611,DERIVED_REPRODUCED_OFFICIAL_SURVEY_TAX_FLOW_DIAGNOSTIC,"25 total-income classes x five primary income-earner categories within the positive-self-assessed-balance survey target; calculated tax, tax credits, withholding exposure/amount, self-assessed balance, and source-cell provenance"
NTA-2024-ANNUAL-INCOME-CLASS-PRIMARY-TYPE-FILING-STATUS,data/derived/nta_income_class_primary_type_filing_status_2024.csv,scripts/extract_nta_annual_income_class_filing_status.py,NTA-R06;NTA-2024-SHINKOKU-T2-XLSX,125,0f5b2aa0b6dfaa441770d210370568258059cc853d55dbe366b7f129be2fd721,106352,DERIVED_REPRODUCED_ADMINISTRATIVE_CROSSTAB,"Exact annual-statistics final-return, positive-self-assessed-balance, refund, and residual counts for 25 total-net-income classes x five primary income-earner categories; 125 positive cells cross-check exactly to Sample Survey Table 2"
NTA-2024-T31-ROUNDED-PRIMARY-TYPES,data/derived/nta_table31_primary_type_rounded_2024.csv,scripts/extract_nta_stage2_holdout.py,NTA-2024-RETURN-PRESS-T31,5,233635d3a5a27ca2627a790e23c5b993351ece19008c48eaf8973056b5bb6045,2590,DERIVED_REPRODUCED_POINT_CHECK_INPUT,Displayed thousand-person Table 3-1 counts with explicit five-category versus grand-total rounding mismatch
NTA-2026-STATUTORY-PARAMETERS,data/derived/income_tax_2026_statutory_parameters.csv,scripts/build_income_tax_2026_statutory_parameters.py,NTA-2026-TAX-REFORM;NTA-2026-INCOME-TAX;NTA-SALARY-DEDUCTION-1410;NTA-INCOME-TAX-RATE-2260;NTA-2026-PENSION-TAX;NTA-2026-PENSION-DETAIL;NTA-2026-DEPENDENT-DEDUCTION,41,5357fb3c26bc3c9f0c6650108c265cdb038253fcddc68894cf700f05a26a04bb,9139,DERIVED_REPRODUCED_VERIFIED_RULES,Versioned 2026 statutory tax parameters with official source locators and raw SHA-256 values
